234	$ref
158	id
149	uid
143	team.$ref
106	name
97	links.0.href
97	links.0.language
97	links.0.rel.0
97	links.0.rel.1
97	links.0.shortText
97	links.0.text
94	displayName
94	isActive
90	type
88	shortName
85	active
85	age
85	battingName
85	country
85	dateOfBirth
85	dateOfBirthStr
85	dateOfDeath
85	dateOfDeathStr
85	fieldingName
85	firstName
85	flag.alt
85	flag.height
85	flag.href
85	flag.rel.0
85	flag.rel.1
85	flag.width
85	fullName
85	gender
85	guid
85	headshot.href
85	headshot.rel.0
85	headshot.rel.1
85	height
85	lastName
85	middleName
85	news.$ref
85	position.$ref
85	position.abbreviation
85	position.id
85	position.leaf
85	position.name
85	position.parent.$ref
85	weight
79	majorTeams.0.$ref
75	count
75	pageCount
75	pageIndex
75	pageSize
56	style.0.description
56	style.0.shortDescription
56	style.0.type
56	styles.0.description
56	styles.0.shortDescription
56	styles.0.type
51	period
50	date
47	clock
46	style.1.description
46	style.1.shortDescription
46	style.1.type
46	styles.1.description
46	styles.1.shortDescription
46	styles.1.type
45	athlete.$ref
45	athletesInvolved.0.$ref
45	athletesInvolved.1.$ref
45	awayScore
45	batsman.athlete.$ref
45	batsman.faced
45	batsman.fours
45	batsman.runs
45	batsman.sixes
45	batsman.team.$ref
45	batsman.totalRuns
45	bbbTimestamp
45	bowler.athlete.$ref
45	bowler.balls
45	bowler.conceded
45	bowler.maidens
45	bowler.overs
45	bowler.team.$ref
45	bowler.wickets
45	dismissal.batsman.athlete.$ref
45	dismissal.bowler.athlete.$ref
45	dismissal.minutes
45	dismissal.retiredText
45	dismissal.text
45	dismissal.type
45	homeScore
45	innings.ballLimit
45	innings.balls
45	innings.byes
45	innings.day
45	innings.fallOfWickets
45	innings.id
45	innings.leadBy
45	innings.legByes
45	innings.noBalls
45	innings.number
45	innings.remainingBalls
45	innings.remainingOvers
45	innings.runRate
45	innings.runs
45	innings.session
45	innings.target
45	innings.totalRuns
45	innings.trailBy
45	innings.wickets
45	innings.wides
45	mediaId
45	otherBatsman.athlete.$ref
45	otherBatsman.faced
45	otherBatsman.fours
45	otherBatsman.runs
45	otherBatsman.sixes
45	otherBatsman.team.$ref
45	otherBatsman.totalRuns
45	otherBowler.athlete.$ref
45	otherBowler.balls
45	otherBowler.conceded
45	otherBowler.maidens
45	otherBowler.overs
45	otherBowler.team.$ref
45	otherBowler.wickets
45	over.actual
45	over.ball
45	over.balls
45	over.byes
45	over.legByes
45	over.limit
45	over.maiden
45	over.noBall
45	over.number
45	over.overs
45	over.runs
45	over.unique
45	over.wickets
45	over.wide
45	periodText
45	playType.description
45	playType.id
45	postText
45	preText
45	scoreValue
45	sequence
45	shortPeriodText
45	shortText
45	text
41	competition.$ref
38	splits.abbreviation
38	splits.categories.0.abbreviation
38	splits.categories.0.displayName
38	splits.categories.0.name
38	splits.categories.0.shortDisplayName
38	splits.categories.0.stats.0.abbreviation
38	splits.categories.0.stats.0.description
38	splits.categories.0.stats.0.displayName
38	splits.categories.0.stats.0.displayValue
38	splits.categories.0.stats.0.name
38	splits.categories.0.stats.0.shortDisplayName
38	splits.categories.0.stats.0.type
38	splits.categories.0.stats.0.value
38	splits.categories.0.stats.1.abbreviation
38	splits.categories.0.stats.1.description
38	splits.categories.0.stats.1.displayName
38	splits.categories.0.stats.1.displayValue
38	splits.categories.0.stats.1.name
38	splits.categories.0.stats.1.shortDisplayName
38	splits.categories.0.stats.1.type
38	splits.categories.0.stats.1.value
38	splits.categories.0.stats.10.abbreviation
38	splits.categories.0.stats.10.description
38	splits.categories.0.stats.10.displayName
38	splits.categories.0.stats.10.displayValue
38	splits.categories.0.stats.10.name
38	splits.categories.0.stats.10.shortDisplayName
38	splits.categories.0.stats.10.type
38	splits.categories.0.stats.10.value
38	splits.categories.0.stats.11.abbreviation
38	splits.categories.0.stats.11.description
38	splits.categories.0.stats.11.displayName
38	splits.categories.0.stats.11.displayValue
38	splits.categories.0.stats.11.name
38	splits.categories.0.stats.11.shortDisplayName
38	splits.categories.0.stats.11.type
38	splits.categories.0.stats.11.value
38	splits.categories.0.stats.12.abbreviation
38	splits.categories.0.stats.12.description
38	splits.categories.0.stats.12.displayName
38	splits.categories.0.stats.12.displayValue
38	splits.categories.0.stats.12.name
38	splits.categories.0.stats.12.shortDisplayName
38	splits.categories.0.stats.12.type
38	splits.categories.0.stats.12.value
38	splits.categories.0.stats.13.abbreviation
38	splits.categories.0.stats.13.description
38	splits.categories.0.stats.13.displayName
38	splits.categories.0.stats.13.displayValue
38	splits.categories.0.stats.13.name
38	splits.categories.0.stats.13.shortDisplayName
38	splits.categories.0.stats.13.type
38	splits.categories.0.stats.13.value
38	splits.categories.0.stats.14.abbreviation
38	splits.categories.0.stats.14.description
38	splits.categories.0.stats.14.displayName
38	splits.categories.0.stats.14.displayValue
38	splits.categories.0.stats.14.name
38	splits.categories.0.stats.14.shortDisplayName
38	splits.categories.0.stats.14.type
38	splits.categories.0.stats.14.value
38	splits.categories.0.stats.15.abbreviation
38	splits.categories.0.stats.15.description
38	splits.categories.0.stats.15.displayName
38	splits.categories.0.stats.15.displayValue
38	splits.categories.0.stats.15.name
38	splits.categories.0.stats.15.shortDisplayName
38	splits.categories.0.stats.15.type
38	splits.categories.0.stats.15.value
38	splits.categories.0.stats.16.abbreviation
38	splits.categories.0.stats.16.description
38	splits.categories.0.stats.16.displayName
38	splits.categories.0.stats.16.displayValue
38	splits.categories.0.stats.16.name
38	splits.categories.0.stats.16.shortDisplayName
38	splits.categories.0.stats.16.type
38	splits.categories.0.stats.16.value
38	splits.categories.0.stats.17.abbreviation
38	splits.categories.0.stats.17.description
38	splits.categories.0.stats.17.displayName
38	splits.categories.0.stats.17.displayValue
38	splits.categories.0.stats.17.name
38	splits.categories.0.stats.17.shortDisplayName
38	splits.categories.0.stats.17.type
38	splits.categories.0.stats.17.value
38	splits.categories.0.stats.18.abbreviation
38	splits.categories.0.stats.18.description
38	splits.categories.0.stats.18.displayName
38	splits.categories.0.stats.18.displayValue
38	splits.categories.0.stats.18.name
38	splits.categories.0.stats.18.shortDisplayName
38	splits.categories.0.stats.18.type
38	splits.categories.0.stats.18.value
38	splits.categories.0.stats.19.abbreviation
38	splits.categories.0.stats.19.description
38	splits.categories.0.stats.19.displayName
38	splits.categories.0.stats.19.displayValue
38	splits.categories.0.stats.19.name
38	splits.categories.0.stats.19.shortDisplayName
38	splits.categories.0.stats.19.type
38	splits.categories.0.stats.19.value
38	splits.categories.0.stats.2.abbreviation
38	splits.categories.0.stats.2.description
38	splits.categories.0.stats.2.displayName
38	splits.categories.0.stats.2.displayValue
38	splits.categories.0.stats.2.name
38	splits.categories.0.stats.2.shortDisplayName
38	splits.categories.0.stats.2.type
38	splits.categories.0.stats.2.value
38	splits.categories.0.stats.20.abbreviation
38	splits.categories.0.stats.20.description
38	splits.categories.0.stats.20.displayName
38	splits.categories.0.stats.20.displayValue
38	splits.categories.0.stats.20.name
38	splits.categories.0.stats.20.shortDisplayName
38	splits.categories.0.stats.20.type
38	splits.categories.0.stats.20.value
38	splits.categories.0.stats.21.abbreviation
38	splits.categories.0.stats.21.description
38	splits.categories.0.stats.21.displayName
38	splits.categories.0.stats.21.displayValue
38	splits.categories.0.stats.21.name
38	splits.categories.0.stats.21.shortDisplayName
38	splits.categories.0.stats.21.type
38	splits.categories.0.stats.21.value
38	splits.categories.0.stats.22.abbreviation
38	splits.categories.0.stats.22.description
38	splits.categories.0.stats.22.displayName
38	splits.categories.0.stats.22.displayValue
38	splits.categories.0.stats.22.name
38	splits.categories.0.stats.22.shortDisplayName
38	splits.categories.0.stats.22.type
38	splits.categories.0.stats.22.value
38	splits.categories.0.stats.23.abbreviation
38	splits.categories.0.stats.23.description
38	splits.categories.0.stats.23.displayName
38	splits.categories.0.stats.23.displayValue
38	splits.categories.0.stats.23.name
38	splits.categories.0.stats.23.shortDisplayName
38	splits.categories.0.stats.23.type
38	splits.categories.0.stats.23.value
38	splits.categories.0.stats.24.abbreviation
38	splits.categories.0.stats.24.description
38	splits.categories.0.stats.24.displayName
38	splits.categories.0.stats.24.displayValue
38	splits.categories.0.stats.24.name
38	splits.categories.0.stats.24.shortDisplayName
38	splits.categories.0.stats.24.type
38	splits.categories.0.stats.24.value
38	splits.categories.0.stats.25.abbreviation
38	splits.categories.0.stats.25.description
38	splits.categories.0.stats.25.displayName
38	splits.categories.0.stats.25.displayValue
38	splits.categories.0.stats.25.name
38	splits.categories.0.stats.25.shortDisplayName
38	splits.categories.0.stats.25.type
38	splits.categories.0.stats.25.value
38	splits.categories.0.stats.26.abbreviation
38	splits.categories.0.stats.26.description
38	splits.categories.0.stats.26.displayName
38	splits.categories.0.stats.26.displayValue
38	splits.categories.0.stats.26.name
38	splits.categories.0.stats.26.shortDisplayName
38	splits.categories.0.stats.26.type
38	splits.categories.0.stats.26.value
38	splits.categories.0.stats.27.abbreviation
38	splits.categories.0.stats.27.description
38	splits.categories.0.stats.27.displayName
38	splits.categories.0.stats.27.displayValue
38	splits.categories.0.stats.27.name
38	splits.categories.0.stats.27.shortDisplayName
38	splits.categories.0.stats.27.type
38	splits.categories.0.stats.27.value
38	splits.categories.0.stats.28.abbreviation
38	splits.categories.0.stats.28.description
38	splits.categories.0.stats.28.displayName
38	splits.categories.0.stats.28.displayValue
38	splits.categories.0.stats.28.name
38	splits.categories.0.stats.28.shortDisplayName
38	splits.categories.0.stats.28.type
38	splits.categories.0.stats.28.value
38	splits.categories.0.stats.3.abbreviation
38	splits.categories.0.stats.3.description
38	splits.categories.0.stats.3.displayName
38	splits.categories.0.stats.3.displayValue
38	splits.categories.0.stats.3.name
38	splits.categories.0.stats.3.shortDisplayName
38	splits.categories.0.stats.3.type
38	splits.categories.0.stats.3.value
38	splits.categories.0.stats.4.abbreviation
38	splits.categories.0.stats.4.description
38	splits.categories.0.stats.4.displayName
38	splits.categories.0.stats.4.displayValue
38	splits.categories.0.stats.4.name
38	splits.categories.0.stats.4.shortDisplayName
38	splits.categories.0.stats.4.type
38	splits.categories.0.stats.4.value
38	splits.categories.0.stats.5.abbreviation
38	splits.categories.0.stats.5.description
38	splits.categories.0.stats.5.displayName
38	splits.categories.0.stats.5.displayValue
38	splits.categories.0.stats.5.name
38	splits.categories.0.stats.5.shortDisplayName
38	splits.categories.0.stats.5.type
38	splits.categories.0.stats.5.value
38	splits.categories.0.stats.6.abbreviation
38	splits.categories.0.stats.6.description
38	splits.categories.0.stats.6.displayName
38	splits.categories.0.stats.6.displayValue
38	splits.categories.0.stats.6.name
38	splits.categories.0.stats.6.shortDisplayName
38	splits.categories.0.stats.6.type
38	splits.categories.0.stats.6.value
38	splits.categories.0.stats.7.abbreviation
38	splits.categories.0.stats.7.description
38	splits.categories.0.stats.7.displayName
38	splits.categories.0.stats.7.displayValue
38	splits.categories.0.stats.7.name
38	splits.categories.0.stats.7.shortDisplayName
38	splits.categories.0.stats.7.type
38	splits.categories.0.stats.7.value
38	splits.categories.0.stats.8.abbreviation
38	splits.categories.0.stats.8.description
38	splits.categories.0.stats.8.displayName
38	splits.categories.0.stats.8.displayValue
38	splits.categories.0.stats.8.name
38	splits.categories.0.stats.8.shortDisplayName
38	splits.categories.0.stats.8.type
38	splits.categories.0.stats.8.value
38	splits.categories.0.stats.9.abbreviation
38	splits.categories.0.stats.9.description
38	splits.categories.0.stats.9.displayName
38	splits.categories.0.stats.9.displayValue
38	splits.categories.0.stats.9.name
38	splits.categories.0.stats.9.shortDisplayName
38	splits.categories.0.stats.9.type
38	splits.categories.0.stats.9.value
38	splits.id
38	splits.name
35	debuts.0.$ref
32	splits.categories.0.stats.29.abbreviation
32	splits.categories.0.stats.29.description
32	splits.categories.0.stats.29.displayName
32	splits.categories.0.stats.29.name
32	splits.categories.0.stats.29.shortDisplayName
32	splits.categories.0.stats.29.type
32	splits.categories.0.stats.30.abbreviation
32	splits.categories.0.stats.30.description
32	splits.categories.0.stats.30.displayName
32	splits.categories.0.stats.30.displayValue
32	splits.categories.0.stats.30.name
32	splits.categories.0.stats.30.shortDisplayName
32	splits.categories.0.stats.30.type
32	splits.categories.0.stats.30.value
32	splits.categories.0.stats.31.abbreviation
32	splits.categories.0.stats.31.description
32	splits.categories.0.stats.31.displayName
32	splits.categories.0.stats.31.displayValue
32	splits.categories.0.stats.31.name
32	splits.categories.0.stats.31.shortDisplayName
32	splits.categories.0.stats.31.type
32	splits.categories.0.stats.31.value
32	splits.categories.0.stats.32.abbreviation
32	splits.categories.0.stats.32.description
32	splits.categories.0.stats.32.displayName
32	splits.categories.0.stats.32.displayValue
32	splits.categories.0.stats.32.name
32	splits.categories.0.stats.32.shortDisplayName
32	splits.categories.0.stats.32.type
32	splits.categories.0.stats.32.value
32	splits.categories.0.stats.33.abbreviation
32	splits.categories.0.stats.33.description
32	splits.categories.0.stats.33.displayName
32	splits.categories.0.stats.33.displayValue
32	splits.categories.0.stats.33.name
32	splits.categories.0.stats.33.shortDisplayName
32	splits.categories.0.stats.33.type
32	splits.categories.0.stats.33.value
32	splits.categories.1.abbreviation
32	splits.categories.1.displayName
32	splits.categories.1.name
32	splits.categories.1.shortDisplayName
32	splits.categories.1.stats.0.abbreviation
32	splits.categories.1.stats.0.description
32	splits.categories.1.stats.0.displayName
32	splits.categories.1.stats.0.displayValue
32	splits.categories.1.stats.0.name
32	splits.categories.1.stats.0.shortDisplayName
32	splits.categories.1.stats.0.type
32	splits.categories.1.stats.0.value
32	splits.categories.1.stats.1.abbreviation
32	splits.categories.1.stats.1.description
32	splits.categories.1.stats.1.displayName
32	splits.categories.1.stats.1.displayValue
32	splits.categories.1.stats.1.name
32	splits.categories.1.stats.1.shortDisplayName
32	splits.categories.1.stats.1.type
32	splits.categories.1.stats.1.value
32	splits.categories.1.stats.10.abbreviation
32	splits.categories.1.stats.10.description
32	splits.categories.1.stats.10.displayName
32	splits.categories.1.stats.10.displayValue
32	splits.categories.1.stats.10.name
32	splits.categories.1.stats.10.shortDisplayName
32	splits.categories.1.stats.10.type
32	splits.categories.1.stats.10.value
32	splits.categories.1.stats.11.abbreviation
32	splits.categories.1.stats.11.description
32	splits.categories.1.stats.11.displayName
32	splits.categories.1.stats.11.displayValue
32	splits.categories.1.stats.11.name
32	splits.categories.1.stats.11.shortDisplayName
32	splits.categories.1.stats.11.type
32	splits.categories.1.stats.11.value
32	splits.categories.1.stats.12.abbreviation
32	splits.categories.1.stats.12.description
32	splits.categories.1.stats.12.displayName
32	splits.categories.1.stats.12.displayValue
32	splits.categories.1.stats.12.name
32	splits.categories.1.stats.12.shortDisplayName
32	splits.categories.1.stats.12.type
32	splits.categories.1.stats.12.value
32	splits.categories.1.stats.13.abbreviation
32	splits.categories.1.stats.13.description
32	splits.categories.1.stats.13.displayName
32	splits.categories.1.stats.13.displayValue
32	splits.categories.1.stats.13.name
32	splits.categories.1.stats.13.shortDisplayName
32	splits.categories.1.stats.13.type
32	splits.categories.1.stats.13.value
32	splits.categories.1.stats.14.abbreviation
32	splits.categories.1.stats.14.description
32	splits.categories.1.stats.14.displayName
32	splits.categories.1.stats.14.displayValue
32	splits.categories.1.stats.14.name
32	splits.categories.1.stats.14.shortDisplayName
32	splits.categories.1.stats.14.type
32	splits.categories.1.stats.14.value
32	splits.categories.1.stats.15.abbreviation
32	splits.categories.1.stats.15.description
32	splits.categories.1.stats.15.displayName
32	splits.categories.1.stats.15.displayValue
32	splits.categories.1.stats.15.name
32	splits.categories.1.stats.15.shortDisplayName
32	splits.categories.1.stats.15.type
32	splits.categories.1.stats.15.value
32	splits.categories.1.stats.16.abbreviation
32	splits.categories.1.stats.16.description
32	splits.categories.1.stats.16.displayName
32	splits.categories.1.stats.16.displayValue
32	splits.categories.1.stats.16.name
32	splits.categories.1.stats.16.shortDisplayName
32	splits.categories.1.stats.16.type
32	splits.categories.1.stats.16.value
32	splits.categories.1.stats.17.abbreviation
32	splits.categories.1.stats.17.description
32	splits.categories.1.stats.17.displayName
32	splits.categories.1.stats.17.displayValue
32	splits.categories.1.stats.17.name
32	splits.categories.1.stats.17.shortDisplayName
32	splits.categories.1.stats.17.type
32	splits.categories.1.stats.17.value
32	splits.categories.1.stats.18.abbreviation
32	splits.categories.1.stats.18.description
32	splits.categories.1.stats.18.displayName
32	splits.categories.1.stats.18.displayValue
32	splits.categories.1.stats.18.name
32	splits.categories.1.stats.18.shortDisplayName
32	splits.categories.1.stats.18.type
32	splits.categories.1.stats.18.value
32	splits.categories.1.stats.19.abbreviation
32	splits.categories.1.stats.19.description
32	splits.categories.1.stats.19.displayName
32	splits.categories.1.stats.19.displayValue
32	splits.categories.1.stats.19.name
32	splits.categories.1.stats.19.shortDisplayName
32	splits.categories.1.stats.19.type
32	splits.categories.1.stats.19.value
32	splits.categories.1.stats.2.abbreviation
32	splits.categories.1.stats.2.description
32	splits.categories.1.stats.2.displayName
32	splits.categories.1.stats.2.displayValue
32	splits.categories.1.stats.2.name
32	splits.categories.1.stats.2.shortDisplayName
32	splits.categories.1.stats.2.type
32	splits.categories.1.stats.2.value
32	splits.categories.1.stats.20.abbreviation
32	splits.categories.1.stats.20.description
32	splits.categories.1.stats.20.displayName
32	splits.categories.1.stats.20.displayValue
32	splits.categories.1.stats.20.name
32	splits.categories.1.stats.20.shortDisplayName
32	splits.categories.1.stats.20.type
32	splits.categories.1.stats.20.value
32	splits.categories.1.stats.21.abbreviation
32	splits.categories.1.stats.21.description
32	splits.categories.1.stats.21.displayName
32	splits.categories.1.stats.21.displayValue
32	splits.categories.1.stats.21.name
32	splits.categories.1.stats.21.shortDisplayName
32	splits.categories.1.stats.21.type
32	splits.categories.1.stats.21.value
32	splits.categories.1.stats.22.abbreviation
32	splits.categories.1.stats.22.description
32	splits.categories.1.stats.22.displayName
32	splits.categories.1.stats.22.displayValue
32	splits.categories.1.stats.22.name
32	splits.categories.1.stats.22.shortDisplayName
32	splits.categories.1.stats.22.type
32	splits.categories.1.stats.22.value
32	splits.categories.1.stats.23.abbreviation
32	splits.categories.1.stats.23.description
32	splits.categories.1.stats.23.displayName
32	splits.categories.1.stats.23.displayValue
32	splits.categories.1.stats.23.name
32	splits.categories.1.stats.23.shortDisplayName
32	splits.categories.1.stats.23.type
32	splits.categories.1.stats.23.value
32	splits.categories.1.stats.24.abbreviation
32	splits.categories.1.stats.24.description
32	splits.categories.1.stats.24.displayName
32	splits.categories.1.stats.24.displayValue
32	splits.categories.1.stats.24.name
32	splits.categories.1.stats.24.shortDisplayName
32	splits.categories.1.stats.24.type
32	splits.categories.1.stats.24.value
32	splits.categories.1.stats.25.abbreviation
32	splits.categories.1.stats.25.description
32	splits.categories.1.stats.25.displayName
32	splits.categories.1.stats.25.displayValue
32	splits.categories.1.stats.25.name
32	splits.categories.1.stats.25.shortDisplayName
32	splits.categories.1.stats.25.type
32	splits.categories.1.stats.25.value
32	splits.categories.1.stats.26.abbreviation
32	splits.categories.1.stats.26.description
32	splits.categories.1.stats.26.displayName
32	splits.categories.1.stats.26.displayValue
32	splits.categories.1.stats.26.name
32	splits.categories.1.stats.26.shortDisplayName
32	splits.categories.1.stats.26.type
32	splits.categories.1.stats.26.value
32	splits.categories.1.stats.27.abbreviation
32	splits.categories.1.stats.27.description
32	splits.categories.1.stats.27.displayName
32	splits.categories.1.stats.27.displayValue
32	splits.categories.1.stats.27.name
32	splits.categories.1.stats.27.shortDisplayName
32	splits.categories.1.stats.27.type
32	splits.categories.1.stats.27.value
32	splits.categories.1.stats.28.abbreviation
32	splits.categories.1.stats.28.description
32	splits.categories.1.stats.28.displayName
32	splits.categories.1.stats.28.displayValue
32	splits.categories.1.stats.28.name
32	splits.categories.1.stats.28.shortDisplayName
32	splits.categories.1.stats.28.type
32	splits.categories.1.stats.28.value
32	splits.categories.1.stats.29.abbreviation
32	splits.categories.1.stats.29.description
32	splits.categories.1.stats.29.displayName
32	splits.categories.1.stats.29.displayValue
32	splits.categories.1.stats.29.name
32	splits.categories.1.stats.29.shortDisplayName
32	splits.categories.1.stats.29.type
32	splits.categories.1.stats.29.value
32	splits.categories.1.stats.3.abbreviation
32	splits.categories.1.stats.3.description
32	splits.categories.1.stats.3.displayName
32	splits.categories.1.stats.3.displayValue
32	splits.categories.1.stats.3.name
32	splits.categories.1.stats.3.shortDisplayName
32	splits.categories.1.stats.3.type
32	splits.categories.1.stats.3.value
32	splits.categories.1.stats.30.abbreviation
32	splits.categories.1.stats.30.description
32	splits.categories.1.stats.30.displayName
32	splits.categories.1.stats.30.displayValue
32	splits.categories.1.stats.30.name
32	splits.categories.1.stats.30.shortDisplayName
32	splits.categories.1.stats.30.type
32	splits.categories.1.stats.30.value
32	splits.categories.1.stats.31.abbreviation
32	splits.categories.1.stats.31.description
32	splits.categories.1.stats.31.displayName
32	splits.categories.1.stats.31.displayValue
32	splits.categories.1.stats.31.name
32	splits.categories.1.stats.31.shortDisplayName
32	splits.categories.1.stats.31.type
32	splits.categories.1.stats.31.value
32	splits.categories.1.stats.32.abbreviation
32	splits.categories.1.stats.32.description
32	splits.categories.1.stats.32.displayName
32	splits.categories.1.stats.32.displayValue
32	splits.categories.1.stats.32.name
32	splits.categories.1.stats.32.shortDisplayName
32	splits.categories.1.stats.32.type
32	splits.categories.1.stats.32.value
32	splits.categories.1.stats.33.abbreviation
32	splits.categories.1.stats.33.description
32	splits.categories.1.stats.33.displayName
32	splits.categories.1.stats.33.displayValue
32	splits.categories.1.stats.33.name
32	splits.categories.1.stats.33.shortDisplayName
32	splits.categories.1.stats.33.type
32	splits.categories.1.stats.33.value
32	splits.categories.1.stats.34.abbreviation
32	splits.categories.1.stats.34.description
32	splits.categories.1.stats.34.displayName
32	splits.categories.1.stats.34.displayValue
32	splits.categories.1.stats.34.name
32	splits.categories.1.stats.34.shortDisplayName
32	splits.categories.1.stats.34.type
32	splits.categories.1.stats.34.value
32	splits.categories.1.stats.35.abbreviation
32	splits.categories.1.stats.35.description
32	splits.categories.1.stats.35.displayName
32	splits.categories.1.stats.35.displayValue
32	splits.categories.1.stats.35.name
32	splits.categories.1.stats.35.shortDisplayName
32	splits.categories.1.stats.35.type
32	splits.categories.1.stats.35.value
32	splits.categories.1.stats.36.abbreviation
32	splits.categories.1.stats.36.description
32	splits.categories.1.stats.36.displayName
32	splits.categories.1.stats.36.displayValue
32	splits.categories.1.stats.36.name
32	splits.categories.1.stats.36.shortDisplayName
32	splits.categories.1.stats.36.type
32	splits.categories.1.stats.36.value
32	splits.categories.1.stats.37.abbreviation
32	splits.categories.1.stats.37.description
32	splits.categories.1.stats.37.displayName
32	splits.categories.1.stats.37.displayValue
32	splits.categories.1.stats.37.name
32	splits.categories.1.stats.37.shortDisplayName
32	splits.categories.1.stats.37.type
32	splits.categories.1.stats.37.value
32	splits.categories.1.stats.38.abbreviation
32	splits.categories.1.stats.38.description
32	splits.categories.1.stats.38.displayName
32	splits.categories.1.stats.38.displayValue
32	splits.categories.1.stats.38.name
32	splits.categories.1.stats.38.shortDisplayName
32	splits.categories.1.stats.38.type
32	splits.categories.1.stats.38.value
32	splits.categories.1.stats.39.abbreviation
32	splits.categories.1.stats.39.description
32	splits.categories.1.stats.39.displayName
32	splits.categories.1.stats.39.displayValue
32	splits.categories.1.stats.39.name
32	splits.categories.1.stats.39.shortDisplayName
32	splits.categories.1.stats.39.type
32	splits.categories.1.stats.39.value
32	splits.categories.1.stats.4.abbreviation
32	splits.categories.1.stats.4.description
32	splits.categories.1.stats.4.displayName
32	splits.categories.1.stats.4.displayValue
32	splits.categories.1.stats.4.name
32	splits.categories.1.stats.4.shortDisplayName
32	splits.categories.1.stats.4.type
32	splits.categories.1.stats.4.value
32	splits.categories.1.stats.5.abbreviation
32	splits.categories.1.stats.5.description
32	splits.categories.1.stats.5.displayName
32	splits.categories.1.stats.5.displayValue
32	splits.categories.1.stats.5.name
32	splits.categories.1.stats.5.shortDisplayName
32	splits.categories.1.stats.5.type
32	splits.categories.1.stats.5.value
32	splits.categories.1.stats.6.abbreviation
32	splits.categories.1.stats.6.description
32	splits.categories.1.stats.6.displayName
32	splits.categories.1.stats.6.displayValue
32	splits.categories.1.stats.6.name
32	splits.categories.1.stats.6.shortDisplayName
32	splits.categories.1.stats.6.type
32	splits.categories.1.stats.6.value
32	splits.categories.1.stats.7.abbreviation
32	splits.categories.1.stats.7.description
32	splits.categories.1.stats.7.displayName
32	splits.categories.1.stats.7.displayValue
32	splits.categories.1.stats.7.name
32	splits.categories.1.stats.7.shortDisplayName
32	splits.categories.1.stats.7.type
32	splits.categories.1.stats.7.value
32	splits.categories.1.stats.8.abbreviation
32	splits.categories.1.stats.8.description
32	splits.categories.1.stats.8.displayName
32	splits.categories.1.stats.8.displayValue
32	splits.categories.1.stats.8.name
32	splits.categories.1.stats.8.shortDisplayName
32	splits.categories.1.stats.8.type
32	splits.categories.1.stats.8.value
32	splits.categories.1.stats.9.abbreviation
32	splits.categories.1.stats.9.description
32	splits.categories.1.stats.9.displayName
32	splits.categories.1.stats.9.displayValue
32	splits.categories.1.stats.9.name
32	splits.categories.1.stats.9.shortDisplayName
32	splits.categories.1.stats.9.type
32	splits.categories.1.stats.9.value
30	runs
29	items.0.$ref
28	debuts.1.$ref
26	fowType
26	items.1.$ref
26	wicketNumber
25	dismissal.dismissal
25	dismissal.fielder.athlete.$ref
21	athletesInvolved.2.$ref
20	abbreviation
20	debuts.2.$ref
20	dismissal.bowled
19	majorTeams.1.$ref
17	overs
16	items.0.displayValue
15	majorTeams.2.$ref
14	ballsFaced
14	items.0.period
14	items.0.value
14	items.1.displayValue
14	items.1.period
14	items.1.value
14	runsScored
14	wicketOver
13	batsmen.0.athlete
13	batsmen.0.balls
13	batsmen.0.runs
13	batsmen.1.athlete
13	batsmen.1.balls
13	batsmen.1.runs
13	end.overs
13	end.runs
13	end.wickets
13	items.0.order
13	items.1.isBatting
13	items.1.order
13	links.1.href
13	links.1.language
13	links.1.rel.0
13	links.1.rel.1
13	links.1.shortText
13	links.1.text
13	runRate
13	start.overs
13	start.runs
13	start.wickets
13	wicketName
12	items.0.linescores.0.mediaId
12	items.0.linescores.0.order
12	items.0.linescores.0.statistics
12	items.0.mediaId
12	items.0.statistics
12	items.1.linescores.0.mediaId
12	items.1.linescores.0.order
12	items.1.linescores.0.statistics
12	items.1.mediaId
12	items.1.statistics
11	dismissal.fielder.isKeeper
11	items.2.$ref
11	slug
10	athletes.$ref
10	categories.0.abbreviation
10	categories.0.displayName
10	categories.0.leaders.0.athlete.$ref
10	categories.0.leaders.0.displayValue
10	categories.0.leaders.0.order
10	categories.0.leaders.0.rel.0
10	categories.0.leaders.0.statistics.$ref
10	categories.0.leaders.0.team.$ref
10	categories.0.leaders.0.value
10	categories.0.leaders.1.athlete.$ref
10	categories.0.leaders.1.displayValue
10	categories.0.leaders.1.order
10	categories.0.leaders.1.rel.0
10	categories.0.leaders.1.statistics.$ref
10	categories.0.leaders.1.team.$ref
10	categories.0.leaders.1.value
10	categories.0.leaders.2.athlete.$ref
10	categories.0.leaders.2.displayValue
10	categories.0.leaders.2.order
10	categories.0.leaders.2.rel.0
10	categories.0.leaders.2.statistics.$ref
10	categories.0.leaders.2.team.$ref
10	categories.0.leaders.2.value
10	categories.0.leaders.3.athlete.$ref
10	categories.0.leaders.3.displayValue
10	categories.0.leaders.3.order
10	categories.0.leaders.3.rel.0
10	categories.0.leaders.3.statistics.$ref
10	categories.0.leaders.3.team.$ref
10	categories.0.leaders.3.value
10	categories.0.leaders.4.athlete.$ref
10	categories.0.leaders.4.displayValue
10	categories.0.leaders.4.order
10	categories.0.leaders.4.rel.0
10	categories.0.leaders.4.statistics.$ref
10	categories.0.leaders.4.team.$ref
10	categories.0.leaders.4.value
10	categories.0.leaders.5.athlete.$ref
10	categories.0.leaders.5.displayValue
10	categories.0.leaders.5.order
10	categories.0.leaders.5.rel.0
10	categories.0.leaders.5.statistics.$ref
10	categories.0.leaders.5.team.$ref
10	categories.0.leaders.5.value
10	categories.0.name
10	categories.0.shortDisplayName
10	classes.0
10	classes.1
10	color
10	countryCode
10	debuts.3.$ref
10	defaultLeague.$ref
10	description
10	event.$ref
10	event.date
10	items.3.$ref
10	leaders.$ref
10	location
10	nickname
10	shortDisplayName
10	statistics.$ref
9	debuts.4.$ref
9	items.4.$ref
9	logos.0.href
9	logos.0.rel.0
9	logos.0.rel.1
8	categories.0.leaders.0.economyRate
8	categories.0.leaders.0.maidens
8	categories.0.leaders.0.overs
8	categories.0.leaders.0.runs
8	categories.0.leaders.1.economyRate
8	categories.0.leaders.1.maidens
8	categories.0.leaders.1.overs
8	categories.0.leaders.1.runs
8	categories.0.leaders.2.economyRate
8	categories.0.leaders.2.maidens
8	categories.0.leaders.2.overs
8	categories.0.leaders.2.runs
8	categories.0.leaders.3.economyRate
8	categories.0.leaders.3.maidens
8	categories.0.leaders.3.overs
8	categories.0.leaders.3.runs
8	categories.0.leaders.4.economyRate
8	categories.0.leaders.4.maidens
8	categories.0.leaders.4.overs
8	categories.0.leaders.4.runs
8	categories.0.leaders.5.economyRate
8	categories.0.leaders.5.maidens
8	categories.0.leaders.5.overs
8	categories.0.leaders.5.runs
8	categories.0.leaders.6.athlete.$ref
8	categories.0.leaders.6.displayValue
8	categories.0.leaders.6.order
8	categories.0.leaders.6.rel.0
8	categories.0.leaders.6.statistics.$ref
8	categories.0.leaders.6.team.$ref
8	categories.0.leaders.6.value
8	displayValue
8	items.5.$ref
8	over.complete
8	source.description
8	source.id
8	value
7	items.6.$ref
7	items.7.$ref
7	items.8.$ref
7	items.9.$ref
7	splits.overs.0.0.number
7	splits.overs.0.0.runs
7	splits.overs.0.1.number
7	splits.overs.0.1.runs
7	splits.overs.0.10.number
7	splits.overs.0.10.runs
7	splits.overs.0.11.number
7	splits.overs.0.11.runs
7	splits.overs.0.12.number
7	splits.overs.0.12.runs
7	splits.overs.0.13.number
7	splits.overs.0.13.runs
7	splits.overs.0.14.number
7	splits.overs.0.14.runs
7	splits.overs.0.15.number
7	splits.overs.0.15.runs
7	splits.overs.0.16.number
7	splits.overs.0.16.runs
7	splits.overs.0.17.number
7	splits.overs.0.17.runs
7	splits.overs.0.18.number
7	splits.overs.0.18.runs
7	splits.overs.0.19.number
7	splits.overs.0.19.runs
7	splits.overs.0.2.number
7	splits.overs.0.2.runs
7	splits.overs.0.3.number
7	splits.overs.0.3.runs
7	splits.overs.0.4.number
7	splits.overs.0.4.runs
7	splits.overs.0.5.number
7	splits.overs.0.5.runs
7	splits.overs.0.6.number
7	splits.overs.0.6.runs
7	splits.overs.0.7.number
7	splits.overs.0.7.runs
7	splits.overs.0.8.number
7	splits.overs.0.8.runs
7	splits.overs.0.9.number
7	splits.overs.0.9.runs
6	categories.0.leaders.6.economyRate
6	categories.0.leaders.6.maidens
6	categories.0.leaders.6.overs
6	categories.0.leaders.6.runs
6	categories.1.abbreviation
6	categories.1.displayName
6	categories.1.leaders.0.athlete.$ref
6	categories.1.leaders.0.balls
6	categories.1.leaders.0.displayValue
6	categories.1.leaders.0.fours
6	categories.1.leaders.0.order
6	categories.1.leaders.0.rel.0
6	categories.1.leaders.0.sixes
6	categories.1.leaders.0.statistics.$ref
6	categories.1.leaders.0.team.$ref
6	categories.1.leaders.0.value
6	categories.1.leaders.1.athlete.$ref
6	categories.1.leaders.1.balls
6	categories.1.leaders.1.displayValue
6	categories.1.leaders.1.fours
6	categories.1.leaders.1.order
6	categories.1.leaders.1.rel.0
6	categories.1.leaders.1.sixes
6	categories.1.leaders.1.statistics.$ref
6	categories.1.leaders.1.team.$ref
6	categories.1.leaders.1.value
6	categories.1.leaders.10.athlete.$ref
6	categories.1.leaders.10.balls
6	categories.1.leaders.10.displayValue
6	categories.1.leaders.10.fours
6	categories.1.leaders.10.order
6	categories.1.leaders.10.rel.0
6	categories.1.leaders.10.sixes
6	categories.1.leaders.10.statistics.$ref
6	categories.1.leaders.10.team.$ref
6	categories.1.leaders.10.value
6	categories.1.leaders.2.athlete.$ref
6	categories.1.leaders.2.balls
6	categories.1.leaders.2.displayValue
6	categories.1.leaders.2.fours
6	categories.1.leaders.2.order
6	categories.1.leaders.2.rel.0
6	categories.1.leaders.2.sixes
6	categories.1.leaders.2.statistics.$ref
6	categories.1.leaders.2.team.$ref
6	categories.1.leaders.2.value
6	categories.1.leaders.3.athlete.$ref
6	categories.1.leaders.3.balls
6	categories.1.leaders.3.displayValue
6	categories.1.leaders.3.fours
6	categories.1.leaders.3.order
6	categories.1.leaders.3.rel.0
6	categories.1.leaders.3.sixes
6	categories.1.leaders.3.statistics.$ref
6	categories.1.leaders.3.team.$ref
6	categories.1.leaders.3.value
6	categories.1.leaders.4.athlete.$ref
6	categories.1.leaders.4.balls
6	categories.1.leaders.4.displayValue
6	categories.1.leaders.4.fours
6	categories.1.leaders.4.order
6	categories.1.leaders.4.rel.0
6	categories.1.leaders.4.sixes
6	categories.1.leaders.4.statistics.$ref
6	categories.1.leaders.4.team.$ref
6	categories.1.leaders.4.value
6	categories.1.leaders.5.athlete.$ref
6	categories.1.leaders.5.balls
6	categories.1.leaders.5.displayValue
6	categories.1.leaders.5.fours
6	categories.1.leaders.5.order
6	categories.1.leaders.5.rel.0
6	categories.1.leaders.5.sixes
6	categories.1.leaders.5.statistics.$ref
6	categories.1.leaders.5.team.$ref
6	categories.1.leaders.5.value
6	categories.1.leaders.6.athlete.$ref
6	categories.1.leaders.6.balls
6	categories.1.leaders.6.displayValue
6	categories.1.leaders.6.fours
6	categories.1.leaders.6.order
6	categories.1.leaders.6.rel.0
6	categories.1.leaders.6.sixes
6	categories.1.leaders.6.statistics.$ref
6	categories.1.leaders.6.team.$ref
6	categories.1.leaders.6.value
6	categories.1.leaders.7.athlete.$ref
6	categories.1.leaders.7.balls
6	categories.1.leaders.7.displayValue
6	categories.1.leaders.7.fours
6	categories.1.leaders.7.order
6	categories.1.leaders.7.rel.0
6	categories.1.leaders.7.sixes
6	categories.1.leaders.7.statistics.$ref
6	categories.1.leaders.7.team.$ref
6	categories.1.leaders.7.value
6	categories.1.leaders.8.athlete.$ref
6	categories.1.leaders.8.balls
6	categories.1.leaders.8.displayValue
6	categories.1.leaders.8.fours
6	categories.1.leaders.8.order
6	categories.1.leaders.8.rel.0
6	categories.1.leaders.8.sixes
6	categories.1.leaders.8.statistics.$ref
6	categories.1.leaders.8.team.$ref
6	categories.1.leaders.8.value
6	categories.1.leaders.9.athlete.$ref
6	categories.1.leaders.9.balls
6	categories.1.leaders.9.displayValue
6	categories.1.leaders.9.fours
6	categories.1.leaders.9.order
6	categories.1.leaders.9.rel.0
6	categories.1.leaders.9.sixes
6	categories.1.leaders.9.statistics.$ref
6	categories.1.leaders.9.team.$ref
6	categories.1.leaders.9.value
6	categories.1.name
6	categories.1.shortDisplayName
6	debuts.5.$ref
6	endDate
6	homeAway
6	innings.remainingRuns
6	innings.requiredRunRate
6	linescores.$ref
6	nextCompetition.$ref
6	order
6	previousCompetition.$ref
6	record.$ref
6	roster.$ref
6	score.$ref
6	shortDescription
6	timeValid
5	categories.0.leaders.7.athlete.$ref
5	categories.0.leaders.7.displayValue
5	categories.0.leaders.7.order
5	categories.0.leaders.7.rel.0
5	categories.0.leaders.7.statistics.$ref
5	categories.0.leaders.7.team.$ref
5	categories.0.leaders.7.value
5	followOn
5	isCurrent
5	items.0.description
5	items.10.$ref
5	items.11.$ref
5	items.12.$ref
5	items.13.$ref
5	items.14.$ref
5	items.15.$ref
5	items.16.$ref
5	items.17.$ref
5	items.18.$ref
5	items.19.$ref
5	majorTeams.3.$ref
5	majorTeams.4.$ref
5	odds.$ref
5	target
5	wickets
5	winner
4	attendance
4	broadcasts.$ref
4	class.eventType
4	class.generalClassCard
4	class.generalClassId
4	class.internationalClassId
4	class.name
4	competitors.0.$ref
4	competitors.0.homeAway
4	competitors.0.id
4	competitors.0.leaders.$ref
4	competitors.0.linescores.$ref
4	competitors.0.nextCompetition.$ref
4	competitors.0.order
4	competitors.0.previousCompetition.$ref
4	competitors.0.record.$ref
4	competitors.0.roster.$ref
4	competitors.0.score.$ref
4	competitors.0.statistics.$ref
4	competitors.0.team.$ref
4	competitors.0.type
4	competitors.0.uid
4	competitors.1.$ref
4	competitors.1.homeAway
4	competitors.1.id
4	competitors.1.leaders.$ref
4	competitors.1.linescores.$ref
4	competitors.1.nextCompetition.$ref
4	competitors.1.order
4	competitors.1.previousCompetition.$ref
4	competitors.1.record.$ref
4	competitors.1.roster.$ref
4	competitors.1.score.$ref
4	competitors.1.statistics.$ref
4	competitors.1.team.$ref
4	competitors.1.type
4	competitors.1.uid
4	competitors.1.winner
4	details.$ref
4	innings
4	items.0.displayName
4	items.0.runs
4	items.20.$ref
4	items.21.$ref
4	items.22.$ref
4	items.23.$ref
4	items.24.$ref
4	limitedOvers
4	liveAvailable
4	matchcards.$ref
4	neutralSite
4	note
4	notes.0.text
4	notes.0.type
4	notes.1.href
4	notes.1.text
4	notes.1.type
4	notes.10.dayNumber
4	notes.10.id
4	notes.10.section
4	notes.10.text
4	notes.10.type
4	notes.11.dayNumber
4	notes.11.id
4	notes.11.section
4	notes.11.text
4	notes.11.type
4	notes.12.dayNumber
4	notes.12.id
4	notes.12.section
4	notes.12.text
4	notes.12.type
4	notes.13.dayNumber
4	notes.13.id
4	notes.13.section
4	notes.13.text
4	notes.13.type
4	notes.14.dayNumber
4	notes.14.id
4	notes.14.section
4	notes.14.text
4	notes.14.type
4	notes.15.dayNumber
4	notes.15.id
4	notes.15.section
4	notes.15.text
4	notes.15.type
4	notes.16.dayNumber
4	notes.16.id
4	notes.16.section
4	notes.16.text
4	notes.16.type
4	notes.17.dayNumber
4	notes.17.id
4	notes.17.section
4	notes.17.text
4	notes.17.type
4	notes.18.dayNumber
4	notes.18.id
4	notes.18.section
4	notes.18.text
4	notes.18.type
4	notes.19.dayNumber
4	notes.19.id
4	notes.19.section
4	notes.19.text
4	notes.19.type
4	notes.2.text
4	notes.2.type
4	notes.3.text
4	notes.3.type
4	notes.4.dayNumber
4	notes.4.id
4	notes.4.section
4	notes.4.text
4	notes.4.type
4	notes.5.dayNumber
4	notes.5.id
4	notes.5.section
4	notes.5.text
4	notes.5.type
4	notes.6.dayNumber
4	notes.6.id
4	notes.6.section
4	notes.6.text
4	notes.6.type
4	notes.7.dayNumber
4	notes.7.id
4	notes.7.section
4	notes.7.text
4	notes.7.type
4	notes.8.dayNumber
4	notes.8.id
4	notes.8.section
4	notes.8.text
4	notes.8.type
4	notes.9.dayNumber
4	notes.9.id
4	notes.9.section
4	notes.9.text
4	notes.9.type
4	officials.$ref
4	place
4	season.$ref
4	situation.$ref
4	splits.categories.0.stats.29.displayValue.fielder_keeper
4	splits.categories.0.stats.29.displayValue.fielder_order
4	splits.categories.0.stats.29.displayValue.fielder_player_id
4	splits.categories.0.stats.29.displayValue.fielder_sub
4	splits.categories.0.stats.29.value.fielder_keeper
4	splits.categories.0.stats.29.value.fielder_order
4	splits.categories.0.stats.29.value.fielder_player_id
4	splits.categories.0.stats.29.value.fielder_sub
4	splits.overs.0.13.wicket.0.ballsFaced
4	splits.overs.0.13.wicket.0.details.$ref
4	splits.overs.0.13.wicket.0.details.shortText
4	splits.overs.0.13.wicket.0.details.text
4	splits.overs.0.13.wicket.0.dismissalCard
4	splits.overs.0.13.wicket.0.fours
4	splits.overs.0.13.wicket.0.fow
4	splits.overs.0.13.wicket.0.minutes
4	splits.overs.0.13.wicket.0.number
4	splits.overs.0.13.wicket.0.over
4	splits.overs.0.13.wicket.0.runs
4	splits.overs.0.13.wicket.0.shortText
4	splits.overs.0.13.wicket.0.sixes
4	splits.overs.0.13.wicket.0.strikeRate
4	splits.overs.0.20.number
4	splits.overs.0.20.runs
4	splits.overs.0.21.number
4	splits.overs.0.21.runs
4	splits.overs.0.22.number
4	splits.overs.0.22.runs
4	splits.overs.0.23.number
4	splits.overs.0.23.runs
4	splits.overs.0.24.number
4	splits.overs.0.24.runs
4	splits.overs.0.25.number
4	splits.overs.0.25.runs
4	splits.overs.0.26.number
4	splits.overs.0.26.runs
4	splits.overs.0.26.wicket.0.ballsFaced
4	splits.overs.0.26.wicket.0.details.$ref
4	splits.overs.0.26.wicket.0.details.shortText
4	splits.overs.0.26.wicket.0.details.text
4	splits.overs.0.26.wicket.0.dismissalCard
4	splits.overs.0.26.wicket.0.fours
4	splits.overs.0.26.wicket.0.fow
4	splits.overs.0.26.wicket.0.minutes
4	splits.overs.0.26.wicket.0.number
4	splits.overs.0.26.wicket.0.over
4	splits.overs.0.26.wicket.0.runs
4	splits.overs.0.26.wicket.0.shortText
4	splits.overs.0.26.wicket.0.sixes
4	splits.overs.0.26.wicket.0.strikeRate
4	splits.overs.0.26.wicket.1.ballsFaced
4	splits.overs.0.26.wicket.1.details.$ref
4	splits.overs.0.26.wicket.1.details.shortText
4	splits.overs.0.26.wicket.1.details.text
4	splits.overs.0.26.wicket.1.dismissalCard
4	splits.overs.0.26.wicket.1.fours
4	splits.overs.0.26.wicket.1.fow
4	splits.overs.0.26.wicket.1.minutes
4	splits.overs.0.26.wicket.1.number
4	splits.overs.0.26.wicket.1.over
4	splits.overs.0.26.wicket.1.runs
4	splits.overs.0.26.wicket.1.shortText
4	splits.overs.0.26.wicket.1.sixes
4	splits.overs.0.26.wicket.1.strikeRate
4	splits.overs.0.27.number
4	splits.overs.0.27.runs
4	splits.overs.0.28.number
4	splits.overs.0.28.runs
4	splits.overs.0.28.wicket.0.ballsFaced
4	splits.overs.0.28.wicket.0.details.$ref
4	splits.overs.0.28.wicket.0.details.shortText
4	splits.overs.0.28.wicket.0.details.text
4	splits.overs.0.28.wicket.0.dismissalCard
4	splits.overs.0.28.wicket.0.fours
4	splits.overs.0.28.wicket.0.fow
4	splits.overs.0.28.wicket.0.minutes
4	splits.overs.0.28.wicket.0.number
4	splits.overs.0.28.wicket.0.over
4	splits.overs.0.28.wicket.0.runs
4	splits.overs.0.28.wicket.0.shortText
4	splits.overs.0.28.wicket.0.sixes
4	splits.overs.0.28.wicket.0.strikeRate
4	splits.overs.0.29.number
4	splits.overs.0.29.runs
4	splits.overs.0.30.number
4	splits.overs.0.30.runs
4	splits.overs.0.30.wicket.0.ballsFaced
4	splits.overs.0.30.wicket.0.details.$ref
4	splits.overs.0.30.wicket.0.details.shortText
4	splits.overs.0.30.wicket.0.details.text
4	splits.overs.0.30.wicket.0.dismissalCard
4	splits.overs.0.30.wicket.0.fours
4	splits.overs.0.30.wicket.0.fow
4	splits.overs.0.30.wicket.0.minutes
4	splits.overs.0.30.wicket.0.number
4	splits.overs.0.30.wicket.0.over
4	splits.overs.0.30.wicket.0.runs
4	splits.overs.0.30.wicket.0.shortText
4	splits.overs.0.30.wicket.0.sixes
4	splits.overs.0.30.wicket.0.strikeRate
4	splits.overs.0.31.number
4	splits.overs.0.31.runs
4	splits.overs.0.32.number
4	splits.overs.0.32.runs
4	splits.overs.0.33.number
4	splits.overs.0.33.runs
4	splits.overs.0.34.number
4	splits.overs.0.34.runs
4	splits.overs.0.34.wicket.0.ballsFaced
4	splits.overs.0.34.wicket.0.details.$ref
4	splits.overs.0.34.wicket.0.details.shortText
4	splits.overs.0.34.wicket.0.details.text
4	splits.overs.0.34.wicket.0.dismissalCard
4	splits.overs.0.34.wicket.0.fours
4	splits.overs.0.34.wicket.0.fow
4	splits.overs.0.34.wicket.0.minutes
4	splits.overs.0.34.wicket.0.number
4	splits.overs.0.34.wicket.0.over
4	splits.overs.0.34.wicket.0.runs
4	splits.overs.0.34.wicket.0.shortText
4	splits.overs.0.34.wicket.0.sixes
4	splits.overs.0.34.wicket.0.strikeRate
4	splits.overs.0.34.wicket.1.ballsFaced
4	splits.overs.0.34.wicket.1.details.$ref
4	splits.overs.0.34.wicket.1.details.shortText
4	splits.overs.0.34.wicket.1.details.text
4	splits.overs.0.34.wicket.1.dismissalCard
4	splits.overs.0.34.wicket.1.fours
4	splits.overs.0.34.wicket.1.fow
4	splits.overs.0.34.wicket.1.minutes
4	splits.overs.0.34.wicket.1.number
4	splits.overs.0.34.wicket.1.over
4	splits.overs.0.34.wicket.1.runs
4	splits.overs.0.34.wicket.1.shortText
4	splits.overs.0.34.wicket.1.sixes
4	splits.overs.0.34.wicket.1.strikeRate
4	splits.overs.0.35.number
4	splits.overs.0.35.runs
4	splits.overs.0.36.number
4	splits.overs.0.36.runs
4	splits.overs.0.37.number
4	splits.overs.0.37.runs
4	splits.overs.0.38.number
4	splits.overs.0.38.runs
4	splits.overs.0.39.number
4	splits.overs.0.39.runs
4	splits.overs.0.4.wicket.0.ballsFaced
4	splits.overs.0.4.wicket.0.details.$ref
4	splits.overs.0.4.wicket.0.details.shortText
4	splits.overs.0.4.wicket.0.details.text
4	splits.overs.0.4.wicket.0.dismissalCard
4	splits.overs.0.4.wicket.0.fours
4	splits.overs.0.4.wicket.0.fow
4	splits.overs.0.4.wicket.0.minutes
4	splits.overs.0.4.wicket.0.number
4	splits.overs.0.4.wicket.0.over
4	splits.overs.0.4.wicket.0.runs
4	splits.overs.0.4.wicket.0.shortText
4	splits.overs.0.4.wicket.0.sixes
4	splits.overs.0.4.wicket.0.strikeRate
4	splits.overs.0.40.number
4	splits.overs.0.40.runs
4	splits.overs.0.41.number
4	splits.overs.0.41.runs
4	splits.overs.0.42.number
4	splits.overs.0.42.runs
4	splits.overs.0.43.number
4	splits.overs.0.43.runs
4	splits.overs.0.43.wicket.0.ballsFaced
4	splits.overs.0.43.wicket.0.details.$ref
4	splits.overs.0.43.wicket.0.details.shortText
4	splits.overs.0.43.wicket.0.details.text
4	splits.overs.0.43.wicket.0.dismissalCard
4	splits.overs.0.43.wicket.0.fours
4	splits.overs.0.43.wicket.0.fow
4	splits.overs.0.43.wicket.0.minutes
4	splits.overs.0.43.wicket.0.number
4	splits.overs.0.43.wicket.0.over
4	splits.overs.0.43.wicket.0.runs
4	splits.overs.0.43.wicket.0.shortText
4	splits.overs.0.43.wicket.0.sixes
4	splits.overs.0.43.wicket.0.strikeRate
4	splits.overs.0.43.wicket.1.ballsFaced
4	splits.overs.0.43.wicket.1.details.$ref
4	splits.overs.0.43.wicket.1.details.shortText
4	splits.overs.0.43.wicket.1.details.text
4	splits.overs.0.43.wicket.1.dismissalCard
4	splits.overs.0.43.wicket.1.fours
4	splits.overs.0.43.wicket.1.fow
4	splits.overs.0.43.wicket.1.minutes
4	splits.overs.0.43.wicket.1.number
4	splits.overs.0.43.wicket.1.over
4	splits.overs.0.43.wicket.1.runs
4	splits.overs.0.43.wicket.1.shortText
4	splits.overs.0.43.wicket.1.sixes
4	splits.overs.0.43.wicket.1.strikeRate
4	splits.overs.0.5.wicket.0.ballsFaced
4	splits.overs.0.5.wicket.0.details.$ref
4	splits.overs.0.5.wicket.0.details.shortText
4	splits.overs.0.5.wicket.0.details.text
4	splits.overs.0.5.wicket.0.dismissalCard
4	splits.overs.0.5.wicket.0.fours
4	splits.overs.0.5.wicket.0.fow
4	splits.overs.0.5.wicket.0.minutes
4	splits.overs.0.5.wicket.0.number
4	splits.overs.0.5.wicket.0.over
4	splits.overs.0.5.wicket.0.runs
4	splits.overs.0.5.wicket.0.shortText
4	splits.overs.0.5.wicket.0.sixes
4	splits.overs.0.5.wicket.0.strikeRate
4	splits.overs.0.6.wicket.0.ballsFaced
4	splits.overs.0.6.wicket.0.details.$ref
4	splits.overs.0.6.wicket.0.details.shortText
4	splits.overs.0.6.wicket.0.details.text
4	splits.overs.0.6.wicket.0.dismissalCard
4	splits.overs.0.6.wicket.0.fours
4	splits.overs.0.6.wicket.0.fow
4	splits.overs.0.6.wicket.0.minutes
4	splits.overs.0.6.wicket.0.number
4	splits.overs.0.6.wicket.0.over
4	splits.overs.0.6.wicket.0.runs
4	splits.overs.0.6.wicket.0.shortText
4	splits.overs.0.6.wicket.0.sixes
4	splits.overs.0.6.wicket.0.strikeRate
4	status.$ref
4	tickets.$ref
4	tiebreaker.$ref
4	venue.$ref
4	venue.address.city
4	venue.address.country
4	venue.address.state
4	venue.address.summary
4	venue.address.zipCode
4	venue.capacity
4	venue.fullName
4	venue.id
4	venue.links.0.href
4	venue.links.0.language
4	venue.links.0.rel.0
4	venue.links.0.rel.1
4	venue.links.0.shortText
4	venue.links.0.text
4	venue.shortName
3	categories.0.leaders.0.balls
3	categories.0.leaders.0.fours
3	categories.0.leaders.0.sixes
3	categories.0.leaders.1.balls
3	categories.0.leaders.1.fours
3	categories.0.leaders.1.sixes
3	categories.0.leaders.10.athlete.$ref
3	categories.0.leaders.10.balls
3	categories.0.leaders.10.displayValue
3	categories.0.leaders.10.fours
3	categories.0.leaders.10.order
3	categories.0.leaders.10.rel.0
3	categories.0.leaders.10.sixes
3	categories.0.leaders.10.statistics.$ref
3	categories.0.leaders.10.team.$ref
3	categories.0.leaders.10.value
3	categories.0.leaders.2.balls
3	categories.0.leaders.2.fours
3	categories.0.leaders.2.sixes
3	categories.0.leaders.3.balls
3	categories.0.leaders.3.fours
3	categories.0.leaders.3.sixes
3	categories.0.leaders.4.balls
3	categories.0.leaders.4.fours
3	categories.0.leaders.4.sixes
3	categories.0.leaders.5.balls
3	categories.0.leaders.5.fours
3	categories.0.leaders.5.sixes
3	categories.0.leaders.6.balls
3	categories.0.leaders.6.fours
3	categories.0.leaders.6.sixes
3	categories.0.leaders.7.balls
3	categories.0.leaders.7.fours
3	categories.0.leaders.7.sixes
3	categories.0.leaders.8.athlete.$ref
3	categories.0.leaders.8.balls
3	categories.0.leaders.8.displayValue
3	categories.0.leaders.8.fours
3	categories.0.leaders.8.order
3	categories.0.leaders.8.rel.0
3	categories.0.leaders.8.sixes
3	categories.0.leaders.8.statistics.$ref
3	categories.0.leaders.8.team.$ref
3	categories.0.leaders.8.value
3	categories.0.leaders.9.athlete.$ref
3	categories.0.leaders.9.balls
3	categories.0.leaders.9.displayValue
3	categories.0.leaders.9.fours
3	categories.0.leaders.9.order
3	categories.0.leaders.9.rel.0
3	categories.0.leaders.9.sixes
3	categories.0.leaders.9.statistics.$ref
3	categories.0.leaders.9.team.$ref
3	categories.0.leaders.9.value
3	competitions.0.$ref
3	competitions.0.attendance
3	competitions.0.broadcasts.$ref
3	competitions.0.class.eventType
3	competitions.0.class.generalClassCard
3	competitions.0.class.generalClassId
3	competitions.0.class.internationalClassId
3	competitions.0.class.name
3	competitions.0.competitors.0.$ref
3	competitions.0.competitors.0.homeAway
3	competitions.0.competitors.0.id
3	competitions.0.competitors.0.leaders.$ref
3	competitions.0.competitors.0.linescores.$ref
3	competitions.0.competitors.0.nextCompetition.$ref
3	competitions.0.competitors.0.order
3	competitions.0.competitors.0.previousCompetition.$ref
3	competitions.0.competitors.0.record.$ref
3	competitions.0.competitors.0.roster.$ref
3	competitions.0.competitors.0.score.$ref
3	competitions.0.competitors.0.statistics.$ref
3	competitions.0.competitors.0.team.$ref
3	competitions.0.competitors.0.type
3	competitions.0.competitors.0.uid
3	competitions.0.competitors.1.$ref
3	competitions.0.competitors.1.homeAway
3	competitions.0.competitors.1.id
3	competitions.0.competitors.1.leaders.$ref
3	competitions.0.competitors.1.linescores.$ref
3	competitions.0.competitors.1.nextCompetition.$ref
3	competitions.0.competitors.1.order
3	competitions.0.competitors.1.previousCompetition.$ref
3	competitions.0.competitors.1.record.$ref
3	competitions.0.competitors.1.roster.$ref
3	competitions.0.competitors.1.score.$ref
3	competitions.0.competitors.1.statistics.$ref
3	competitions.0.competitors.1.team.$ref
3	competitions.0.competitors.1.type
3	competitions.0.competitors.1.uid
3	competitions.0.date
3	competitions.0.description
3	competitions.0.details.$ref
3	competitions.0.endDate
3	competitions.0.id
3	competitions.0.limitedOvers
3	competitions.0.liveAvailable
3	competitions.0.matchcards.$ref
3	competitions.0.neutralSite
3	competitions.0.note
3	competitions.0.notes.0.href
3	competitions.0.notes.0.text
3	competitions.0.notes.0.type
3	competitions.0.notes.1.text
3	competitions.0.notes.1.type
3	competitions.0.notes.10.dayNumber
3	competitions.0.notes.10.id
3	competitions.0.notes.10.section
3	competitions.0.notes.10.text
3	competitions.0.notes.10.type
3	competitions.0.notes.11.dayNumber
3	competitions.0.notes.11.id
3	competitions.0.notes.11.section
3	competitions.0.notes.11.text
3	competitions.0.notes.11.type
3	competitions.0.notes.12.dayNumber
3	competitions.0.notes.12.id
3	competitions.0.notes.12.section
3	competitions.0.notes.12.text
3	competitions.0.notes.12.type
3	competitions.0.notes.13.dayNumber
3	competitions.0.notes.13.id
3	competitions.0.notes.13.section
3	competitions.0.notes.13.text
3	competitions.0.notes.13.type
3	competitions.0.notes.14.dayNumber
3	competitions.0.notes.14.id
3	competitions.0.notes.14.section
3	competitions.0.notes.14.text
3	competitions.0.notes.14.type
3	competitions.0.notes.15.dayNumber
3	competitions.0.notes.15.id
3	competitions.0.notes.15.section
3	competitions.0.notes.15.text
3	competitions.0.notes.15.type
3	competitions.0.notes.16.dayNumber
3	competitions.0.notes.16.id
3	competitions.0.notes.16.section
3	competitions.0.notes.16.text
3	competitions.0.notes.16.type
3	competitions.0.notes.17.dayNumber
3	competitions.0.notes.17.id
3	competitions.0.notes.17.section
3	competitions.0.notes.17.text
3	competitions.0.notes.17.type
3	competitions.0.notes.18.dayNumber
3	competitions.0.notes.18.id
3	competitions.0.notes.18.section
3	competitions.0.notes.18.text
3	competitions.0.notes.18.type
3	competitions.0.notes.19.dayNumber
3	competitions.0.notes.19.id
3	competitions.0.notes.19.section
3	competitions.0.notes.19.text
3	competitions.0.notes.19.type
3	competitions.0.notes.2.text
3	competitions.0.notes.2.type
3	competitions.0.notes.20.dayNumber
3	competitions.0.notes.20.id
3	competitions.0.notes.20.section
3	competitions.0.notes.20.text
3	competitions.0.notes.20.type
3	competitions.0.notes.21.dayNumber
3	competitions.0.notes.21.id
3	competitions.0.notes.21.section
3	competitions.0.notes.21.text
3	competitions.0.notes.21.type
3	competitions.0.notes.22.dayNumber
3	competitions.0.notes.22.id
3	competitions.0.notes.22.section
3	competitions.0.notes.22.text
3	competitions.0.notes.22.type
3	competitions.0.notes.23.dayNumber
3	competitions.0.notes.23.id
3	competitions.0.notes.23.section
3	competitions.0.notes.23.text
3	competitions.0.notes.23.type
3	competitions.0.notes.24.dayNumber
3	competitions.0.notes.24.id
3	competitions.0.notes.24.section
3	competitions.0.notes.24.text
3	competitions.0.notes.24.type
3	competitions.0.notes.25.dayNumber
3	competitions.0.notes.25.id
3	competitions.0.notes.25.section
3	competitions.0.notes.25.text
3	competitions.0.notes.25.type
3	competitions.0.notes.26.dayNumber
3	competitions.0.notes.26.id
3	competitions.0.notes.26.section
3	competitions.0.notes.26.text
3	competitions.0.notes.26.type
3	competitions.0.notes.27.dayNumber
3	competitions.0.notes.27.id
3	competitions.0.notes.27.section
3	competitions.0.notes.27.text
3	competitions.0.notes.27.type
3	competitions.0.notes.28.dayNumber
3	competitions.0.notes.28.id
3	competitions.0.notes.28.section
3	competitions.0.notes.28.text
3	competitions.0.notes.28.type
3	competitions.0.notes.3.dayNumber
3	competitions.0.notes.3.id
3	competitions.0.notes.3.section
3	competitions.0.notes.3.text
3	competitions.0.notes.3.type
3	competitions.0.notes.4.dayNumber
3	competitions.0.notes.4.id
3	competitions.0.notes.4.section
3	competitions.0.notes.4.text
3	competitions.0.notes.4.type
3	competitions.0.notes.5.dayNumber
3	competitions.0.notes.5.id
3	competitions.0.notes.5.section
3	competitions.0.notes.5.text
3	competitions.0.notes.5.type
3	competitions.0.notes.6.dayNumber
3	competitions.0.notes.6.id
3	competitions.0.notes.6.section
3	competitions.0.notes.6.text
3	competitions.0.notes.6.type
3	competitions.0.notes.7.dayNumber
3	competitions.0.notes.7.id
3	competitions.0.notes.7.section
3	competitions.0.notes.7.text
3	competitions.0.notes.7.type
3	competitions.0.notes.8.dayNumber
3	competitions.0.notes.8.id
3	competitions.0.notes.8.section
3	competitions.0.notes.8.text
3	competitions.0.notes.8.type
3	competitions.0.notes.9.dayNumber
3	competitions.0.notes.9.id
3	competitions.0.notes.9.section
3	competitions.0.notes.9.text
3	competitions.0.notes.9.type
3	competitions.0.odds.$ref
3	competitions.0.officials.$ref
3	competitions.0.recent
3	competitions.0.shortDescription
3	competitions.0.situation.$ref
3	competitions.0.status.$ref
3	competitions.0.tickets.$ref
3	competitions.0.tiebreaker.$ref
3	competitions.0.timeValid
3	competitions.0.uid
3	competitions.0.venue.$ref
3	competitions.0.venue.address.city
3	competitions.0.venue.address.country
3	competitions.0.venue.address.state
3	competitions.0.venue.address.summary
3	competitions.0.venue.address.zipCode
3	competitions.0.venue.capacity
3	competitions.0.venue.fullName
3	competitions.0.venue.id
3	competitions.0.venue.links.0.href
3	competitions.0.venue.links.0.language
3	competitions.0.venue.links.0.rel.0
3	competitions.0.venue.links.0.rel.1
3	competitions.0.venue.links.0.shortText
3	competitions.0.venue.links.0.text
3	competitions.0.venue.shortName
3	competitions.0.weather.$ref
3	competitions.0.weather.city
3	competitions.0.weather.country
3	competitions.0.weather.highTemperature
3	competitions.0.weather.lastUpdated
3	competitions.0.weather.lowTemperature
3	competitions.0.weather.skyCode
3	competitions.0.weather.skyImage.alt
3	competitions.0.weather.skyImage.height
3	competitions.0.weather.skyImage.href
3	competitions.0.weather.skyImage.width
3	competitions.0.weather.source
3	competitions.0.weather.sourceLogo.alt
3	competitions.0.weather.sourceLogo.height
3	competitions.0.weather.sourceLogo.href
3	competitions.0.weather.sourceLogo.width
3	competitions.0.weather.temperature
3	competitions.0.weather.type
3	competitions.0.weather.windDirection
3	competitions.0.weather.windSpeed
3	competitions.0.weather.zipCode
3	fours
3	fow.$ref
3	isBatting
3	items.0.abbreviation
3	items.0.followOn
3	items.0.id
3	items.0.isCurrent
3	items.0.leaders.$ref
3	items.0.name
3	items.0.overs
3	items.0.shortDisplayName
3	items.0.source.description
3	items.0.source.id
3	items.0.statistics.$ref
3	items.0.stats.0.abbreviation
3	items.0.stats.0.description
3	items.0.stats.0.displayName
3	items.0.stats.0.displayValue
3	items.0.stats.0.name
3	items.0.stats.0.shortDisplayName
3	items.0.stats.0.type
3	items.0.stats.0.value
3	items.0.stats.1.abbreviation
3	items.0.stats.1.description
3	items.0.stats.1.displayName
3	items.0.stats.1.displayValue
3	items.0.stats.1.name
3	items.0.stats.1.shortDisplayName
3	items.0.stats.1.type
3	items.0.stats.1.value
3	items.0.stats.2.abbreviation
3	items.0.stats.2.description
3	items.0.stats.2.displayName
3	items.0.stats.2.displayValue
3	items.0.stats.2.name
3	items.0.stats.2.shortDisplayName
3	items.0.stats.2.type
3	items.0.stats.2.value
3	items.0.stats.3.abbreviation
3	items.0.stats.3.description
3	items.0.stats.3.displayName
3	items.0.stats.3.displayValue
3	items.0.stats.3.name
3	items.0.stats.3.shortDisplayName
3	items.0.stats.3.type
3	items.0.stats.3.value
3	items.0.stats.4.abbreviation
3	items.0.stats.4.description
3	items.0.stats.4.displayName
3	items.0.stats.4.displayValue
3	items.0.stats.4.name
3	items.0.stats.4.shortDisplayName
3	items.0.stats.4.type
3	items.0.stats.4.value
3	items.0.stats.5.abbreviation
3	items.0.stats.5.description
3	items.0.stats.5.displayName
3	items.0.stats.5.displayValue
3	items.0.stats.5.name
3	items.0.stats.5.shortDisplayName
3	items.0.stats.5.type
3	items.0.stats.5.value
3	items.0.stats.6.abbreviation
3	items.0.stats.6.description
3	items.0.stats.6.displayName
3	items.0.stats.6.displayValue
3	items.0.stats.6.name
3	items.0.stats.6.shortDisplayName
3	items.0.stats.6.type
3	items.0.stats.6.value
3	items.0.summary
3	items.0.target
3	items.0.type
3	items.0.wickets
3	items.1.description
3	items.1.followOn
3	items.1.isCurrent
3	items.1.leaders.$ref
3	items.1.overs
3	items.1.runs
3	items.1.source.description
3	items.1.source.id
3	items.1.statistics.$ref
3	items.1.target
3	items.1.wickets
3	leagues.0.$ref
3	leagues.0.isTournament
3	leagues.0.leagueType
3	leagues.0.season.$ref
3	links.0.rel.2
3	links.0.rel.3
3	links.0.rel.4
3	links.0.rel.5
3	links.1.rel.2
3	links.1.rel.3
3	majorTeams.5.$ref
3	partnerships.$ref
3	score
3	seasonType.$ref
3	sixes
3	splits.overs.0.17.wicket.0.ballsFaced
3	splits.overs.0.17.wicket.0.details.$ref
3	splits.overs.0.17.wicket.0.details.shortText
3	splits.overs.0.17.wicket.0.details.text
3	splits.overs.0.17.wicket.0.dismissalCard
3	splits.overs.0.17.wicket.0.fours
3	splits.overs.0.17.wicket.0.fow
3	splits.overs.0.17.wicket.0.minutes
3	splits.overs.0.17.wicket.0.number
3	splits.overs.0.17.wicket.0.over
3	splits.overs.0.17.wicket.0.runs
3	splits.overs.0.17.wicket.0.shortText
3	splits.overs.0.17.wicket.0.sixes
3	splits.overs.0.17.wicket.0.strikeRate
3	splits.overs.0.3.wicket.0.ballsFaced
3	splits.overs.0.3.wicket.0.details.$ref
3	splits.overs.0.3.wicket.0.details.shortText
3	splits.overs.0.3.wicket.0.details.text
3	splits.overs.0.3.wicket.0.dismissalCard
3	splits.overs.0.3.wicket.0.fours
3	splits.overs.0.3.wicket.0.fow
3	splits.overs.0.3.wicket.0.minutes
3	splits.overs.0.3.wicket.0.number
3	splits.overs.0.3.wicket.0.over
3	splits.overs.0.3.wicket.0.runs
3	splits.overs.0.3.wicket.0.shortText
3	splits.overs.0.3.wicket.0.sixes
3	splits.overs.0.3.wicket.0.strikeRate
3	venues.0.$ref
2	addedClock
2	alternateName
2	categories.0.leaders.7.economyRate
2	categories.0.leaders.7.maidens
2	categories.0.leaders.7.overs
2	categories.0.leaders.7.runs
2	classId.0
2	dayNumber
2	displayClock
2	entries.0.activeName
2	entries.0.athlete.$ref
2	entries.0.forPlayerId
2	entries.0.linescores.$ref
2	entries.0.mediaId
2	entries.0.period
2	entries.0.playerId
2	entries.0.position.$ref
2	entries.0.starter
2	entries.0.valid
2	entries.1.activeName
2	entries.1.athlete.$ref
2	entries.1.forPlayerId
2	entries.1.linescores.$ref
2	entries.1.mediaId
2	entries.1.period
2	entries.1.playerId
2	entries.1.position.$ref
2	entries.1.starter
2	entries.1.valid
2	entries.10.activeName
2	entries.10.athlete.$ref
2	entries.10.forPlayerId
2	entries.10.linescores.$ref
2	entries.10.mediaId
2	entries.10.period
2	entries.10.playerId
2	entries.10.position.$ref
2	entries.10.starter
2	entries.10.valid
2	entries.2.activeName
2	entries.2.athlete.$ref
2	entries.2.forPlayerId
2	entries.2.linescores.$ref
2	entries.2.mediaId
2	entries.2.period
2	entries.2.playerId
2	entries.2.position.$ref
2	entries.2.starter
2	entries.2.valid
2	entries.3.activeName
2	entries.3.athlete.$ref
2	entries.3.forPlayerId
2	entries.3.linescores.$ref
2	entries.3.mediaId
2	entries.3.period
2	entries.3.playerId
2	entries.3.position.$ref
2	entries.3.starter
2	entries.3.valid
2	entries.4.activeName
2	entries.4.athlete.$ref
2	entries.4.forPlayerId
2	entries.4.linescores.$ref
2	entries.4.mediaId
2	entries.4.period
2	entries.4.playerId
2	entries.4.position.$ref
2	entries.4.starter
2	entries.4.valid
2	entries.5.activeName
2	entries.5.athlete.$ref
2	entries.5.forPlayerId
2	entries.5.linescores.$ref
2	entries.5.mediaId
2	entries.5.period
2	entries.5.playerId
2	entries.5.position.$ref
2	entries.5.starter
2	entries.5.valid
2	entries.6.activeName
2	entries.6.athlete.$ref
2	entries.6.forPlayerId
2	entries.6.linescores.$ref
2	entries.6.mediaId
2	entries.6.period
2	entries.6.playerId
2	entries.6.position.$ref
2	entries.6.starter
2	entries.6.valid
2	entries.7.activeName
2	entries.7.athlete.$ref
2	entries.7.forPlayerId
2	entries.7.linescores.$ref
2	entries.7.mediaId
2	entries.7.period
2	entries.7.playerId
2	entries.7.position.$ref
2	entries.7.starter
2	entries.7.valid
2	entries.8.activeName
2	entries.8.athlete.$ref
2	entries.8.forPlayerId
2	entries.8.linescores.$ref
2	entries.8.mediaId
2	entries.8.period
2	entries.8.playerId
2	entries.8.position.$ref
2	entries.8.starter
2	entries.8.valid
2	entries.9.activeName
2	entries.9.athlete.$ref
2	entries.9.forPlayerId
2	entries.9.linescores.$ref
2	entries.9.mediaId
2	entries.9.period
2	entries.9.playerId
2	entries.9.position.$ref
2	entries.9.starter
2	entries.9.valid
2	events.$ref
2	featuredAthletes.0.abbreviation
2	featuredAthletes.0.athlete.$ref
2	featuredAthletes.0.displayName
2	featuredAthletes.0.linescores.$ref
2	featuredAthletes.0.name
2	featuredAthletes.0.playerId
2	featuredAthletes.0.shortDisplayName
2	featuredAthletes.0.team.$ref
2	groupId
2	groups.$ref
2	isTournament
2	items.1.fours
2	items.1.fow.$ref
2	items.1.partnerships.$ref
2	items.1.score
2	items.1.sixes
2	links.2.href
2	links.2.language
2	links.2.rel.0
2	links.2.rel.1
2	links.2.shortText
2	links.2.text
2	links.3.href
2	links.3.language
2	links.3.rel.0
2	links.3.rel.1
2	links.3.shortText
2	links.3.text
2	links.4.href
2	links.4.language
2	links.4.rel.0
2	links.4.rel.1
2	links.4.shortText
2	links.4.text
2	links.5.href
2	links.5.language
2	links.5.rel.0
2	links.5.rel.1
2	links.5.shortText
2	links.5.text
2	longSummary
2	mappings.contentlink
2	mappings.cricinfo
2	notes.$ref
2	notes.20.dayNumber
2	notes.20.id
2	notes.20.section
2	notes.20.text
2	notes.20.type
2	notes.21.dayNumber
2	notes.21.id
2	notes.21.section
2	notes.21.text
2	notes.21.type
2	notes.22.dayNumber
2	notes.22.id
2	notes.22.section
2	notes.22.text
2	notes.22.type
2	notes.23.dayNumber
2	notes.23.id
2	notes.23.section
2	notes.23.text
2	notes.23.type
2	presentLocalTime
2	rankings.$ref
2	seasons.$ref
2	shortAlternateName
2	summary
2	teams.$ref
2	type.description
2	type.detail
2	type.id
2	type.shortDetail
2	type.state
1	debuts.10.$ref
1	debuts.6.$ref
1	debuts.7.$ref
1	debuts.8.$ref
1	debuts.9.$ref
1	entries.1.captain
1	entries.3.active
1	entries.4.active
1	entries.7.captain
1	entries.9.active
1	items.0.extras
1	items.0.firstName
1	items.0.flag.alt
1	items.0.flag.height
1	items.0.flag.href
1	items.0.flag.rel.0
1	items.0.flag.rel.1
1	items.0.flag.width
1	items.0.fours
1	items.0.fow.$ref
1	items.0.headline
1	items.0.inningsNumber
1	items.0.isBatting
1	items.0.lastName
1	items.0.links.href
1	items.0.links.rel
1	items.0.links.shortText
1	items.0.links.text
1	items.0.links.type
1	items.0.partnerships.$ref
1	items.0.playerDetails.0.ballsFaced
1	items.0.playerDetails.0.dismissal
1	items.0.playerDetails.0.fours
1	items.0.playerDetails.0.href
1	items.0.playerDetails.0.playerID
1	items.0.playerDetails.0.playerName
1	items.0.playerDetails.0.runs
1	items.0.playerDetails.0.sixes
1	items.0.playerDetails.1.ballsFaced
1	items.0.playerDetails.1.dismissal
1	items.0.playerDetails.1.fours
1	items.0.playerDetails.1.href
1	items.0.playerDetails.1.playerID
1	items.0.playerDetails.1.playerName
1	items.0.playerDetails.1.runs
1	items.0.playerDetails.1.sixes
1	items.0.playerDetails.10.ballsFaced
1	items.0.playerDetails.10.dismissal
1	items.0.playerDetails.10.fours
1	items.0.playerDetails.10.href
1	items.0.playerDetails.10.playerID
1	items.0.playerDetails.10.playerName
1	items.0.playerDetails.10.runs
1	items.0.playerDetails.10.sixes
1	items.0.playerDetails.2.ballsFaced
1	items.0.playerDetails.2.dismissal
1	items.0.playerDetails.2.fours
1	items.0.playerDetails.2.href
1	items.0.playerDetails.2.playerID
1	items.0.playerDetails.2.playerName
1	items.0.playerDetails.2.runs
1	items.0.playerDetails.2.sixes
1	items.0.playerDetails.3.ballsFaced
1	items.0.playerDetails.3.dismissal
1	items.0.playerDetails.3.fours
1	items.0.playerDetails.3.href
1	items.0.playerDetails.3.playerID
1	items.0.playerDetails.3.playerName
1	items.0.playerDetails.3.runs
1	items.0.playerDetails.3.sixes
1	items.0.playerDetails.4.ballsFaced
1	items.0.playerDetails.4.dismissal
1	items.0.playerDetails.4.fours
1	items.0.playerDetails.4.href
1	items.0.playerDetails.4.playerID
1	items.0.playerDetails.4.playerName
1	items.0.playerDetails.4.runs
1	items.0.playerDetails.4.sixes
1	items.0.playerDetails.5.ballsFaced
1	items.0.playerDetails.5.dismissal
1	items.0.playerDetails.5.fours
1	items.0.playerDetails.5.href
1	items.0.playerDetails.5.playerID
1	items.0.playerDetails.5.playerName
1	items.0.playerDetails.5.runs
1	items.0.playerDetails.5.sixes
1	items.0.playerDetails.6.ballsFaced
1	items.0.playerDetails.6.dismissal
1	items.0.playerDetails.6.fours
1	items.0.playerDetails.6.href
1	items.0.playerDetails.6.playerID
1	items.0.playerDetails.6.playerName
1	items.0.playerDetails.6.runs
1	items.0.playerDetails.6.sixes
1	items.0.playerDetails.7.ballsFaced
1	items.0.playerDetails.7.dismissal
1	items.0.playerDetails.7.fours
1	items.0.playerDetails.7.href
1	items.0.playerDetails.7.playerID
1	items.0.playerDetails.7.playerName
1	items.0.playerDetails.7.runs
1	items.0.playerDetails.7.sixes
1	items.0.playerDetails.8.ballsFaced
1	items.0.playerDetails.8.dismissal
1	items.0.playerDetails.8.fours
1	items.0.playerDetails.8.href
1	items.0.playerDetails.8.playerID
1	items.0.playerDetails.8.playerName
1	items.0.playerDetails.8.runs
1	items.0.playerDetails.8.sixes
1	items.0.playerDetails.9.ballsFaced
1	items.0.playerDetails.9.dismissal
1	items.0.playerDetails.9.fours
1	items.0.playerDetails.9.href
1	items.0.playerDetails.9.playerID
1	items.0.playerDetails.9.playerName
1	items.0.playerDetails.9.runs
1	items.0.playerDetails.9.sixes
1	items.0.position.displayName
1	items.0.position.name
1	items.0.score
1	items.0.sixes
1	items.0.teamName
1	items.0.total
1	items.0.typeID
1	items.1.displayName
1	items.1.firstName
1	items.1.flag.alt
1	items.1.flag.height
1	items.1.flag.href
1	items.1.flag.rel.0
1	items.1.flag.rel.1
1	items.1.flag.width
1	items.1.headline
1	items.1.inningsNumber
1	items.1.lastName
1	items.1.links.href
1	items.1.links.rel
1	items.1.links.shortText
1	items.1.links.text
1	items.1.links.type
1	items.1.playerDetails.0.conceded
1	items.1.playerDetails.0.economyRate
1	items.1.playerDetails.0.href
1	items.1.playerDetails.0.maidens
1	items.1.playerDetails.0.nbw
1	items.1.playerDetails.0.overs
1	items.1.playerDetails.0.playerID
1	items.1.playerDetails.0.playerName
1	items.1.playerDetails.0.wickets
1	items.1.playerDetails.1.conceded
1	items.1.playerDetails.1.economyRate
1	items.1.playerDetails.1.href
1	items.1.playerDetails.1.maidens
1	items.1.playerDetails.1.nbw
1	items.1.playerDetails.1.overs
1	items.1.playerDetails.1.playerID
1	items.1.playerDetails.1.playerName
1	items.1.playerDetails.1.wickets
1	items.1.playerDetails.2.conceded
1	items.1.playerDetails.2.economyRate
1	items.1.playerDetails.2.href
1	items.1.playerDetails.2.maidens
1	items.1.playerDetails.2.nbw
1	items.1.playerDetails.2.overs
1	items.1.playerDetails.2.playerID
1	items.1.playerDetails.2.playerName
1	items.1.playerDetails.2.wickets
1	items.1.playerDetails.3.conceded
1	items.1.playerDetails.3.economyRate
1	items.1.playerDetails.3.href
1	items.1.playerDetails.3.maidens
1	items.1.playerDetails.3.nbw
1	items.1.playerDetails.3.overs
1	items.1.playerDetails.3.playerID
1	items.1.playerDetails.3.playerName
1	items.1.playerDetails.3.wickets
1	items.1.playerDetails.4.conceded
1	items.1.playerDetails.4.economyRate
1	items.1.playerDetails.4.href
1	items.1.playerDetails.4.maidens
1	items.1.playerDetails.4.nbw
1	items.1.playerDetails.4.overs
1	items.1.playerDetails.4.playerID
1	items.1.playerDetails.4.playerName
1	items.1.playerDetails.4.wickets
1	items.1.playerDetails.5.conceded
1	items.1.playerDetails.5.economyRate
1	items.1.playerDetails.5.href
1	items.1.playerDetails.5.maidens
1	items.1.playerDetails.5.nbw
1	items.1.playerDetails.5.overs
1	items.1.playerDetails.5.playerID
1	items.1.playerDetails.5.playerName
1	items.1.playerDetails.5.wickets
1	items.1.position.displayName
1	items.1.position.name
1	items.1.teamName
1	items.1.typeID
1	items.2.displayName
1	items.2.firstName
1	items.2.flag.alt
1	items.2.flag.height
1	items.2.flag.href
1	items.2.flag.rel.0
1	items.2.flag.rel.1
1	items.2.flag.width
1	items.2.headline
1	items.2.inningsNumber
1	items.2.lastName
1	items.2.links.href
1	items.2.links.rel
1	items.2.links.shortText
1	items.2.links.text
1	items.2.links.type
1	items.2.order
1	items.2.playerDetails.0.fowType
1	items.2.playerDetails.0.partnershipOvers
1	items.2.playerDetails.0.partnershipRuns
1	items.2.playerDetails.0.partnershipWicketName
1	items.2.playerDetails.0.player1Name
1	items.2.playerDetails.0.player1Runs
1	items.2.playerDetails.0.player2Name
1	items.2.playerDetails.0.player2Runs
1	items.2.playerDetails.1.fowType
1	items.2.playerDetails.1.partnershipOvers
1	items.2.playerDetails.1.partnershipRuns
1	items.2.playerDetails.1.partnershipWicketName
1	items.2.playerDetails.1.player1Name
1	items.2.playerDetails.1.player1Runs
1	items.2.playerDetails.1.player2Name
1	items.2.playerDetails.1.player2Runs
1	items.2.playerDetails.2.fowType
1	items.2.playerDetails.2.partnershipOvers
1	items.2.playerDetails.2.partnershipRuns
1	items.2.playerDetails.2.partnershipWicketName
1	items.2.playerDetails.2.player1Name
1	items.2.playerDetails.2.player1Runs
1	items.2.playerDetails.2.player2Name
1	items.2.playerDetails.2.player2Runs
1	items.2.playerDetails.3.fowType
1	items.2.playerDetails.3.partnershipOvers
1	items.2.playerDetails.3.partnershipRuns
1	items.2.playerDetails.3.partnershipWicketName
1	items.2.playerDetails.3.player1Name
1	items.2.playerDetails.3.player1Runs
1	items.2.playerDetails.3.player2Name
1	items.2.playerDetails.3.player2Runs
1	items.2.position.displayName
1	items.2.position.name
1	items.2.teamName
1	items.2.typeID
1	items.3.displayName
1	items.3.firstName
1	items.3.flag.alt
1	items.3.flag.height
1	items.3.flag.href
1	items.3.flag.rel.0
1	items.3.flag.rel.1
1	items.3.flag.width
1	items.3.lastName
1	items.3.links.href
1	items.3.links.rel
1	items.3.links.shortText
1	items.3.links.text
1	items.3.links.type
1	items.3.order
1	items.3.position.displayName
1	items.3.position.name
1	items.4.displayName
1	items.4.firstName
1	items.4.flag.alt
1	items.4.flag.height
1	items.4.flag.href
1	items.4.flag.rel.0
1	items.4.flag.rel.1
1	items.4.flag.width
1	items.4.lastName
1	items.4.links.href
1	items.4.links.rel
1	items.4.links.shortText
1	items.4.links.text
1	items.4.links.type
1	items.4.order
1	items.4.position.displayName
1	items.4.position.name
1	leagues.$ref
1	logos.0.height
1	logos.0.width
1	notes.24.dayNumber
1	notes.24.id
1	notes.24.section
1	notes.24.text
1	notes.24.type
1	notes.25.dayNumber
1	notes.25.id
1	notes.25.section
1	notes.25.text
1	notes.25.type
1	notes.26.dayNumber
1	notes.26.id
1	notes.26.section
1	notes.26.text
1	notes.26.type
1	splits.overs.0.16.wicket.0.ballsFaced
1	splits.overs.0.16.wicket.0.details.$ref
1	splits.overs.0.16.wicket.0.details.shortText
1	splits.overs.0.16.wicket.0.details.text
1	splits.overs.0.16.wicket.0.dismissalCard
1	splits.overs.0.16.wicket.0.fours
1	splits.overs.0.16.wicket.0.fow
1	splits.overs.0.16.wicket.0.minutes
1	splits.overs.0.16.wicket.0.number
1	splits.overs.0.16.wicket.0.over
1	splits.overs.0.16.wicket.0.runs
1	splits.overs.0.16.wicket.0.shortText
1	splits.overs.0.16.wicket.0.sixes
1	splits.overs.0.16.wicket.0.strikeRate
1	splits.overs.0.22.wicket.0.ballsFaced
1	splits.overs.0.22.wicket.0.details.$ref
1	splits.overs.0.22.wicket.0.details.shortText
1	splits.overs.0.22.wicket.0.details.text
1	splits.overs.0.22.wicket.0.dismissalCard
1	splits.overs.0.22.wicket.0.fours
1	splits.overs.0.22.wicket.0.fow
1	splits.overs.0.22.wicket.0.minutes
1	splits.overs.0.22.wicket.0.number
1	splits.overs.0.22.wicket.0.over
1	splits.overs.0.22.wicket.0.runs
1	splits.overs.0.22.wicket.0.shortText
1	splits.overs.0.22.wicket.0.sixes
1	splits.overs.0.22.wicket.0.strikeRate
1	splits.overs.0.32.wicket.0.ballsFaced
1	splits.overs.0.32.wicket.0.details.$ref
1	splits.overs.0.32.wicket.0.details.shortText
1	splits.overs.0.32.wicket.0.details.text
1	splits.overs.0.32.wicket.0.dismissalCard
1	splits.overs.0.32.wicket.0.fours
1	splits.overs.0.32.wicket.0.fow
1	splits.overs.0.32.wicket.0.minutes
1	splits.overs.0.32.wicket.0.number
1	splits.overs.0.32.wicket.0.over
1	splits.overs.0.32.wicket.0.runs
1	splits.overs.0.32.wicket.0.shortText
1	splits.overs.0.32.wicket.0.sixes
1	splits.overs.0.32.wicket.0.strikeRate
1	splits.overs.0.32.wicket.1.ballsFaced
1	splits.overs.0.32.wicket.1.details.$ref
1	splits.overs.0.32.wicket.1.details.shortText
1	splits.overs.0.32.wicket.1.details.text
1	splits.overs.0.32.wicket.1.dismissalCard
1	splits.overs.0.32.wicket.1.fours
1	splits.overs.0.32.wicket.1.fow
1	splits.overs.0.32.wicket.1.minutes
1	splits.overs.0.32.wicket.1.number
1	splits.overs.0.32.wicket.1.over
1	splits.overs.0.32.wicket.1.runs
1	splits.overs.0.32.wicket.1.shortText
1	splits.overs.0.32.wicket.1.sixes
1	splits.overs.0.32.wicket.1.strikeRate
1	splits.overs.0.37.wicket.0.ballsFaced
1	splits.overs.0.37.wicket.0.details.$ref
1	splits.overs.0.37.wicket.0.details.shortText
1	splits.overs.0.37.wicket.0.details.text
1	splits.overs.0.37.wicket.0.dismissalCard
1	splits.overs.0.37.wicket.0.fours
1	splits.overs.0.37.wicket.0.fow
1	splits.overs.0.37.wicket.0.minutes
1	splits.overs.0.37.wicket.0.number
1	splits.overs.0.37.wicket.0.over
1	splits.overs.0.37.wicket.0.runs
1	splits.overs.0.37.wicket.0.shortText
1	splits.overs.0.37.wicket.0.sixes
1	splits.overs.0.37.wicket.0.strikeRate
1	splits.overs.0.37.wicket.1.ballsFaced
1	splits.overs.0.37.wicket.1.details.$ref
1	splits.overs.0.37.wicket.1.details.shortText
1	splits.overs.0.37.wicket.1.details.text
1	splits.overs.0.37.wicket.1.dismissalCard
1	splits.overs.0.37.wicket.1.fours
1	splits.overs.0.37.wicket.1.fow
1	splits.overs.0.37.wicket.1.minutes
1	splits.overs.0.37.wicket.1.number
1	splits.overs.0.37.wicket.1.over
1	splits.overs.0.37.wicket.1.runs
1	splits.overs.0.37.wicket.1.shortText
1	splits.overs.0.37.wicket.1.sixes
1	splits.overs.0.37.wicket.1.strikeRate
1	splits.overs.0.39.wicket.0.ballsFaced
1	splits.overs.0.39.wicket.0.details.$ref
1	splits.overs.0.39.wicket.0.details.shortText
1	splits.overs.0.39.wicket.0.details.text
1	splits.overs.0.39.wicket.0.dismissalCard
1	splits.overs.0.39.wicket.0.fours
1	splits.overs.0.39.wicket.0.fow
1	splits.overs.0.39.wicket.0.minutes
1	splits.overs.0.39.wicket.0.number
1	splits.overs.0.39.wicket.0.over
1	splits.overs.0.39.wicket.0.runs
1	splits.overs.0.39.wicket.0.shortText
1	splits.overs.0.39.wicket.0.sixes
1	splits.overs.0.39.wicket.0.strikeRate
1	splits.overs.0.42.wicket.0.ballsFaced
1	splits.overs.0.42.wicket.0.details.$ref
1	splits.overs.0.42.wicket.0.details.shortText
1	splits.overs.0.42.wicket.0.details.text
1	splits.overs.0.42.wicket.0.dismissalCard
1	splits.overs.0.42.wicket.0.fours
1	splits.overs.0.42.wicket.0.fow
1	splits.overs.0.42.wicket.0.minutes
1	splits.overs.0.42.wicket.0.number
1	splits.overs.0.42.wicket.0.over
1	splits.overs.0.42.wicket.0.runs
1	splits.overs.0.42.wicket.0.shortText
1	splits.overs.0.42.wicket.0.sixes
1	splits.overs.0.42.wicket.0.strikeRate
