130	$ref
67	active
67	age
67	battingName
67	birthPlace
67	country
67	dateOfBirth
67	dateOfBirthStr
67	dateOfDeath
67	dateOfDeathStr
67	debutYear
67	debuts
67	displayName
67	fieldingName
67	firstName
67	flag
67	fullName
67	gender
67	guid
67	headshot
67	height
67	id
67	isActive
67	jersey
67	lastName
67	links
67	majorTeams
67	middleName
67	name
67	news
67	position
67	relations
67	shortName
67	style
67	styles
67	team
67	type
67	uid
67	weight
63	athlete
63	splits
36	count
36	items
36	pageCount
36	pageIndex
36	pageSize
29	competition
1	<non-json>
