200	http://core.espnuk.org/v2/sports/cricket/athletes/0	count,items,pageCount,pageIndex,pageSize	$ref
200	http://core.espnuk.org/v2/sports/cricket/athletes/0/news	count,items,pageCount,pageIndex,pageSize	$ref
404	http://core.espnuk.org/v2/sports/cricket/athletes/0/statistics	error,status	
200	http://core.espnuk.org/v2/sports/cricket/leagues/1098952/athletes/0	count,items,pageCount,pageIndex,pageSize	
200	http://core.espnuk.org/v2/sports/cricket/athletes/1090570	$ref,active,age,battingName,birthPlace,country,dateOfBirth,dateOfBirthStr,dateOfDeath,dateOfDeathStr,debutYear,debuts,displayName,fieldingName,firstName,flag,fullName,gender,guid,headshot,height,id,isActive,jersey,lastName,links,majorTeams,middleName,name,news,position,relations,shortName,style,styles,team,type,uid,weight	
200	http://core.espnuk.org/v2/sports/cricket/athletes/1090570/news	count,items,pageCount,pageIndex,pageSize	
200	http://core.espnuk.org/v2/sports/cricket/athletes/1090570/statistics	$ref,athlete,splits	
200	http://core.espnuk.org/v2/sports/cricket/leagues/1098952/athletes/1090570	$ref,active,age,battingName,birthPlace,country,dateOfBirth,dateOfBirthStr,dateOfDeath,dateOfDeathStr,debutYear,debuts,displayName,fieldingName,firstName,flag,fullName,gender,guid,headshot,height,id,isActive,jersey,lastName,links,majorTeams,middleName,name,news,position,relations,shortName,style,styles,team,type,uid,weight	
200	http://core.espnuk.org/v2/sports/cricket/athletes/1090621	$ref,active,age,battingName,birthPlace,country,dateOfBirth,dateOfBirthStr,dateOfDeath,dateOfDeathStr,debutYear,debuts,displayName,fieldingName,firstName,flag,fullName,gender,guid,headshot,height,id,isActive,jersey,lastName,links,majorTeams,middleName,name,news,position,relations,shortName,style,styles,team,type,uid,weight	
200	http://core.espnuk.org/v2/sports/cricket/athletes/1090621/news	count,items,pageCount,pageIndex,pageSize	
200	http://core.espnuk.org/v2/sports/cricket/athletes/1090621/statistics	$ref,athlete,splits	
200	http://core.espnuk.org/v2/sports/cricket/leagues/1098952/athletes/1090621	$ref,active,age,battingName,birthPlace,country,dateOfBirth,dateOfBirthStr,dateOfDeath,dateOfDeathStr,debutYear,debuts,displayName,fieldingName,firstName,flag,fullName,gender,guid,headshot,height,id,isActive,jersey,lastName,links,majorTeams,middleName,name,news,position,relations,shortName,style,styles,team,type,uid,weight	
200	http://core.espnuk.org/v2/sports/cricket/athletes/1098914	$ref,active,age,battingName,birthPlace,country,dateOfBirth,dateOfBirthStr,dateOfDeath,dateOfDeathStr,debutYear,debuts,displayName,fieldingName,firstName,flag,fullName,gender,guid,headshot,height,id,isActive,jersey,lastName,links,majorTeams,middleName,name,news,position,relations,shortName,style,styles,team,type,uid,weight	
200	http://core.espnuk.org/v2/sports/cricket/athletes/1098914/news	count,items,pageCount,pageIndex,pageSize	
200	http://core.espnuk.org/v2/sports/cricket/athletes/1098914/statistics	$ref,athlete,splits	
200	http://core.espnuk.org/v2/sports/cricket/leagues/1098952/athletes/1098914	$ref,active,age,battingName,birthPlace,country,dateOfBirth,dateOfBirthStr,dateOfDeath,dateOfDeathStr,debutYear,debuts,displayName,fieldingName,firstName,flag,fullName,gender,guid,headshot,height,id,isActive,jersey,lastName,links,majorTeams,middleName,name,news,position,relations,shortName,style,styles,team,type,uid,weight	
200	http://core.espnuk.org/v2/sports/cricket/athletes/1098916	$ref,active,age,battingName,birthPlace,country,dateOfBirth,dateOfBirthStr,dateOfDeath,dateOfDeathStr,debutYear,debuts,displayName,fieldingName,firstName,flag,fullName,gender,guid,headshot,height,id,isActive,jersey,lastName,links,majorTeams,middleName,name,news,position,relations,shortName,style,styles,team,type,uid,weight	
200	http://core.espnuk.org/v2/sports/cricket/athletes/1098916/news	count,items,pageCount,pageIndex,pageSize	
200	http://core.espnuk.org/v2/sports/cricket/athletes/1098916/statistics	$ref,athlete,splits	
200	http://core.espnuk.org/v2/sports/cricket/leagues/1098952/athletes/1098916	$ref,active,age,battingName,birthPlace,country,dateOfBirth,dateOfBirthStr,dateOfDeath,dateOfDeathStr,debutYear,debuts,displayName,fieldingName,firstName,flag,fullName,gender,guid,headshot,height,id,isActive,jersey,lastName,links,majorTeams,middleName,name,news,position,relations,shortName,style,styles,team,type,uid,weight	
200	http://core.espnuk.org/v2/sports/cricket/athletes/1098931	$ref,active,age,battingName,birthPlace,country,dateOfBirth,dateOfBirthStr,dateOfDeath,dateOfDeathStr,debutYear,debuts,displayName,fieldingName,firstName,flag,fullName,gender,guid,headshot,height,id,isActive,jersey,lastName,links,majorTeams,middleName,name,news,position,relations,shortName,style,styles,team,type,uid,weight	
200	http://core.espnuk.org/v2/sports/cricket/athletes/1098931/news	count,items,pageCount,pageIndex,pageSize	
200	http://core.espnuk.org/v2/sports/cricket/athletes/1098931/statistics	$ref,athlete,splits	
200	http://core.espnuk.org/v2/sports/cricket/leagues/1098952/athletes/1098931	$ref,active,age,battingName,birthPlace,country,dateOfBirth,dateOfBirthStr,dateOfDeath,dateOfDeathStr,debutYear,debuts,displayName,fieldingName,firstName,flag,fullName,gender,guid,headshot,height,id,isActive,jersey,lastName,links,majorTeams,middleName,name,news,position,relations,shortName,style,styles,team,type,uid,weight	
200	http://core.espnuk.org/v2/sports/cricket/athletes/1110589	$ref,active,age,battingName,birthPlace,country,dateOfBirth,dateOfBirthStr,dateOfDeath,dateOfDeathStr,debutYear,debuts,displayName,fieldingName,firstName,flag,fullName,gender,guid,headshot,height,id,isActive,jersey,lastName,links,majorTeams,middleName,name,news,position,relations,shortName,style,styles,team,type,uid,weight	
503	http://core.espnuk.org/v2/sports/cricket/athletes/1110589/news	count,items,pageCount,pageIndex,pageSize	
200	http://core.espnuk.org/v2/sports/cricket/athletes/1110589/statistics	$ref,athlete,splits	
200	http://core.espnuk.org/v2/sports/cricket/leagues/1098952/athletes/1110589	$ref,active,age,battingName,birthPlace,country,dateOfBirth,dateOfBirthStr,dateOfDeath,dateOfDeathStr,debutYear,debuts,displayName,fieldingName,firstName,flag,fullName,gender,guid,headshot,height,id,isActive,jersey,lastName,links,majorTeams,middleName,name,news,position,relations,shortName,style,styles,team,type,uid,weight	
200	http://core.espnuk.org/v2/sports/cricket/athletes/1114159	$ref,active,age,battingName,birthPlace,country,dateOfBirth,dateOfBirthStr,dateOfDeath,dateOfDeathStr,debutYear,debuts,displayName,fieldingName,firstName,flag,fullName,gender,guid,headshot,height,id,isActive,jersey,lastName,links,majorTeams,middleName,name,news,position,relations,shortName,style,styles,team,type,uid,weight	
200	http://core.espnuk.org/v2/sports/cricket/athletes/1114159/news	count,items,pageCount,pageIndex,pageSize	
200	http://core.espnuk.org/v2/sports/cricket/athletes/1114159/statistics	$ref,athlete,splits	
200	http://core.espnuk.org/v2/sports/cricket/leagues/1098952/athletes/1114159	$ref,active,age,battingName,birthPlace,country,dateOfBirth,dateOfBirthStr,dateOfDeath,dateOfDeathStr,debutYear,debuts,displayName,fieldingName,firstName,flag,fullName,gender,guid,headshot,height,id,isActive,jersey,lastName,links,majorTeams,middleName,name,news,position,relations,shortName,style,styles,team,type,uid,weight	
200	http://core.espnuk.org/v2/sports/cricket/athletes/1121024	$ref,active,age,battingName,birthPlace,country,dateOfBirth,dateOfBirthStr,dateOfDeath,dateOfDeathStr,debutYear,debuts,displayName,fieldingName,firstName,flag,fullName,gender,guid,headshot,height,id,isActive,jersey,lastName,links,majorTeams,middleName,name,news,position,relations,shortName,style,styles,team,type,uid,weight	
200	http://core.espnuk.org/v2/sports/cricket/athletes/1121024/news	count,items,pageCount,pageIndex,pageSize	
200	http://core.espnuk.org/v2/sports/cricket/athletes/1121024/statistics	$ref,athlete,splits	
200	http://core.espnuk.org/v2/sports/cricket/leagues/1098952/athletes/1121024	$ref,active,age,battingName,birthPlace,country,dateOfBirth,dateOfBirthStr,dateOfDeath,dateOfDeathStr,debutYear,debuts,displayName,fieldingName,firstName,flag,fullName,gender,guid,headshot,height,id,isActive,jersey,lastName,links,majorTeams,middleName,name,news,position,relations,shortName,style,styles,team,type,uid,weight	
200	http://core.espnuk.org/v2/sports/cricket/athletes/1129974	$ref,active,age,battingName,birthPlace,country,dateOfBirth,dateOfBirthStr,dateOfDeath,dateOfDeathStr,debutYear,debuts,displayName,fieldingName,firstName,flag,fullName,gender,guid,headshot,height,id,isActive,jersey,lastName,links,majorTeams,middleName,name,news,position,relations,shortName,style,styles,team,type,uid,weight	
200	http://core.espnuk.org/v2/sports/cricket/athletes/1129974/news	count,items,pageCount,pageIndex,pageSize	
200	http://core.espnuk.org/v2/sports/cricket/athletes/1129974/statistics	$ref,athlete,splits	
200	http://core.espnuk.org/v2/sports/cricket/leagues/1098952/athletes/1129974	$ref,active,age,battingName,birthPlace,country,dateOfBirth,dateOfBirthStr,dateOfDeath,dateOfDeathStr,debutYear,debuts,displayName,fieldingName,firstName,flag,fullName,gender,guid,headshot,height,id,isActive,jersey,lastName,links,majorTeams,middleName,name,news,position,relations,shortName,style,styles,team,type,uid,weight	
200	http://core.espnuk.org/v2/sports/cricket/athletes/1147801	$ref,active,age,battingName,birthPlace,country,dateOfBirth,dateOfBirthStr,dateOfDeath,dateOfDeathStr,debutYear,debuts,displayName,fieldingName,firstName,flag,fullName,gender,guid,headshot,height,id,isActive,jersey,lastName,links,majorTeams,middleName,name,news,position,relations,shortName,style,styles,team,type,uid,weight	
200	http://core.espnuk.org/v2/sports/cricket/athletes/1147801/news	count,items,pageCount,pageIndex,pageSize	$ref
200	http://core.espnuk.org/v2/sports/cricket/athletes/1147801/statistics	$ref,athlete,splits	
200	http://core.espnuk.org/v2/sports/cricket/leagues/1098952/athletes/1147801	$ref,active,age,battingName,birthPlace,country,dateOfBirth,dateOfBirthStr,dateOfDeath,dateOfDeathStr,debutYear,debuts,displayName,fieldingName,firstName,flag,fullName,gender,guid,headshot,height,id,isActive,jersey,lastName,links,majorTeams,middleName,name,news,position,relations,shortName,style,styles,team,type,uid,weight	
200	http://core.espnuk.org/v2/sports/cricket/athletes/1147921	$ref,active,age,battingName,birthPlace,country,dateOfBirth,dateOfBirthStr,dateOfDeath,dateOfDeathStr,debutYear,debuts,displayName,fieldingName,firstName,flag,fullName,gender,guid,headshot,height,id,isActive,jersey,lastName,links,majorTeams,middleName,name,news,position,relations,shortName,style,styles,team,type,uid,weight	
200	http://core.espnuk.org/v2/sports/cricket/athletes/1147921/news	count,items,pageCount,pageIndex,pageSize	
200	http://core.espnuk.org/v2/sports/cricket/athletes/1147921/statistics	$ref,athlete,splits	
200	http://core.espnuk.org/v2/sports/cricket/leagues/1098952/athletes/1147921	$ref,active,age,battingName,birthPlace,country,dateOfBirth,dateOfBirthStr,dateOfDeath,dateOfDeathStr,debutYear,debuts,displayName,fieldingName,firstName,flag,fullName,gender,guid,headshot,height,id,isActive,jersey,lastName,links,majorTeams,middleName,name,news,position,relations,shortName,style,styles,team,type,uid,weight	
200	http://core.espnuk.org/v2/sports/cricket/athletes/1147973	$ref,active,age,battingName,birthPlace,country,dateOfBirth,dateOfBirthStr,dateOfDeath,dateOfDeathStr,debutYear,debuts,displayName,fieldingName,firstName,flag,fullName,gender,guid,headshot,height,id,isActive,jersey,lastName,links,majorTeams,middleName,name,news,position,relations,shortName,style,styles,team,type,uid,weight	
200	http://core.espnuk.org/v2/sports/cricket/athletes/1147973/news	count,items,pageCount,pageIndex,pageSize	
200	http://core.espnuk.org/v2/sports/cricket/athletes/1147973/statistics	$ref,athlete,splits	
200	http://core.espnuk.org/v2/sports/cricket/leagues/1098952/athletes/1147973	$ref,active,age,battingName,birthPlace,country,dateOfBirth,dateOfBirthStr,dateOfDeath,dateOfDeathStr,debutYear,debuts,displayName,fieldingName,firstName,flag,fullName,gender,guid,headshot,height,id,isActive,jersey,lastName,links,majorTeams,middleName,name,news,position,relations,shortName,style,styles,team,type,uid,weight	
200	http://core.espnuk.org/v2/sports/cricket/athletes/1160756	$ref,active,age,battingName,birthPlace,country,dateOfBirth,dateOfBirthStr,dateOfDeath,dateOfDeathStr,debutYear,debuts,displayName,fieldingName,firstName,flag,fullName,gender,guid,headshot,height,id,isActive,jersey,lastName,links,majorTeams,middleName,name,news,position,relations,shortName,style,styles,team,type,uid,weight	
200	http://core.espnuk.org/v2/sports/cricket/athletes/1160756/news	count,items,pageCount,pageIndex,pageSize	
200	http://core.espnuk.org/v2/sports/cricket/athletes/1160756/statistics	$ref,athlete,splits	
200	http://core.espnuk.org/v2/sports/cricket/leagues/1098952/athletes/1160756	$ref,active,age,battingName,birthPlace,country,dateOfBirth,dateOfBirthStr,dateOfDeath,dateOfDeathStr,debutYear,debuts,displayName,fieldingName,firstName,flag,fullName,gender,guid,headshot,height,id,isActive,jersey,lastName,links,majorTeams,middleName,name,news,position,relations,shortName,style,styles,team,type,uid,weight	
200	http://core.espnuk.org/v2/sports/cricket/athletes/1185228	$ref,active,age,battingName,birthPlace,country,dateOfBirth,dateOfBirthStr,dateOfDeath,dateOfDeathStr,debutYear,debuts,displayName,fieldingName,firstName,flag,fullName,gender,guid,headshot,height,id,isActive,jersey,lastName,links,majorTeams,middleName,name,news,position,relations,shortName,style,styles,team,type,uid,weight	
200	http://core.espnuk.org/v2/sports/cricket/athletes/1185228/news	count,items,pageCount,pageIndex,pageSize	
200	http://core.espnuk.org/v2/sports/cricket/athletes/1185228/statistics	$ref,athlete,splits	
200	http://core.espnuk.org/v2/sports/cricket/leagues/1098952/athletes/1185228	$ref,active,age,battingName,birthPlace,country,dateOfBirth,dateOfBirthStr,dateOfDeath,dateOfDeathStr,debutYear,debuts,displayName,fieldingName,firstName,flag,fullName,gender,guid,headshot,height,id,isActive,jersey,lastName,links,majorTeams,middleName,name,news,position,relations,shortName,style,styles,team,type,uid,weight	
200	http://core.espnuk.org/v2/sports/cricket/athletes/1185554	$ref,active,age,battingName,birthPlace,country,dateOfBirth,dateOfBirthStr,dateOfDeath,dateOfDeathStr,debutYear,debuts,displayName,fieldingName,firstName,flag,fullName,gender,guid,headshot,height,id,isActive,jersey,lastName,links,majorTeams,middleName,name,news,position,relations,shortName,style,styles,team,type,uid,weight	
200	http://core.espnuk.org/v2/sports/cricket/athletes/1185554/news	count,items,pageCount,pageIndex,pageSize	$ref
200	http://core.espnuk.org/v2/sports/cricket/athletes/1185554/statistics	$ref,athlete,splits	
200	http://core.espnuk.org/v2/sports/cricket/leagues/1098952/athletes/1185554	$ref,active,age,battingName,birthPlace,country,dateOfBirth,dateOfBirthStr,dateOfDeath,dateOfDeathStr,debutYear,debuts,displayName,fieldingName,firstName,flag,fullName,gender,guid,headshot,height,id,isActive,jersey,lastName,links,majorTeams,middleName,name,news,position,relations,shortName,style,styles,team,type,uid,weight	
200	http://core.espnuk.org/v2/sports/cricket/athletes/1211612	$ref,active,age,battingName,birthPlace,country,dateOfBirth,dateOfBirthStr,dateOfDeath,dateOfDeathStr,debutYear,debuts,displayName,fieldingName,firstName,flag,fullName,gender,guid,headshot,height,id,isActive,jersey,lastName,links,majorTeams,middleName,name,news,position,relations,shortName,style,styles,team,type,uid,weight	
200	http://core.espnuk.org/v2/sports/cricket/athletes/1211612/news	count,items,pageCount,pageIndex,pageSize	
200	http://core.espnuk.org/v2/sports/cricket/athletes/1211612/statistics	$ref,athlete,splits	
200	http://core.espnuk.org/v2/sports/cricket/leagues/1098952/athletes/1211612	$ref,active,age,battingName,birthPlace,country,dateOfBirth,dateOfBirthStr,dateOfDeath,dateOfDeathStr,debutYear,debuts,displayName,fieldingName,firstName,flag,fullName,gender,guid,headshot,height,id,isActive,jersey,lastName,links,majorTeams,middleName,name,news,position,relations,shortName,style,styles,team,type,uid,weight	
200	http://core.espnuk.org/v2/sports/cricket/athletes/1211616	$ref,active,age,battingName,birthPlace,country,dateOfBirth,dateOfBirthStr,dateOfDeath,dateOfDeathStr,debutYear,debuts,displayName,fieldingName,firstName,flag,fullName,gender,guid,headshot,height,id,isActive,jersey,lastName,links,majorTeams,middleName,name,news,position,relations,shortName,style,styles,team,type,uid,weight	
200	http://core.espnuk.org/v2/sports/cricket/athletes/1211616/news	count,items,pageCount,pageIndex,pageSize	
200	http://core.espnuk.org/v2/sports/cricket/athletes/1211616/statistics	$ref,athlete,splits	
200	http://core.espnuk.org/v2/sports/cricket/leagues/1098952/athletes/1211616	$ref,active,age,battingName,birthPlace,country,dateOfBirth,dateOfBirthStr,dateOfDeath,dateOfDeathStr,debutYear,debuts,displayName,fieldingName,firstName,flag,fullName,gender,guid,headshot,height,id,isActive,jersey,lastName,links,majorTeams,middleName,name,news,position,relations,shortName,style,styles,team,type,uid,weight	
200	http://core.espnuk.org/v2/sports/cricket/athletes/1212143	$ref,active,age,battingName,birthPlace,country,dateOfBirth,dateOfBirthStr,dateOfDeath,dateOfDeathStr,debutYear,debuts,displayName,fieldingName,firstName,flag,fullName,gender,guid,headshot,height,id,isActive,jersey,lastName,links,majorTeams,middleName,name,news,position,relations,shortName,style,styles,team,type,uid,weight	
200	http://core.espnuk.org/v2/sports/cricket/athletes/1212143/news	count,items,pageCount,pageIndex,pageSize	
200	http://core.espnuk.org/v2/sports/cricket/athletes/1212143/statistics	$ref,athlete,splits	
200	http://core.espnuk.org/v2/sports/cricket/leagues/1098952/athletes/1212143	$ref,active,age,battingName,birthPlace,country,dateOfBirth,dateOfBirthStr,dateOfDeath,dateOfDeathStr,debutYear,debuts,displayName,fieldingName,firstName,flag,fullName,gender,guid,headshot,height,id,isActive,jersey,lastName,links,majorTeams,middleName,name,news,position,relations,shortName,style,styles,team,type,uid,weight	
200	http://core.espnuk.org/v2/sports/cricket/athletes/1212656	$ref,active,age,battingName,birthPlace,country,dateOfBirth,dateOfBirthStr,dateOfDeath,dateOfDeathStr,debutYear,debuts,displayName,fieldingName,firstName,flag,fullName,gender,guid,headshot,height,id,isActive,jersey,lastName,links,majorTeams,middleName,name,news,position,relations,shortName,style,styles,team,type,uid,weight	
200	http://core.espnuk.org/v2/sports/cricket/athletes/1212656/news	count,items,pageCount,pageIndex,pageSize	
200	http://core.espnuk.org/v2/sports/cricket/athletes/1212656/statistics	$ref,athlete,splits	
200	http://core.espnuk.org/v2/sports/cricket/leagues/1098952/athletes/1212656	$ref,active,age,battingName,birthPlace,country,dateOfBirth,dateOfBirthStr,dateOfDeath,dateOfDeathStr,debutYear,debuts,displayName,fieldingName,firstName,flag,fullName,gender,guid,headshot,height,id,isActive,jersey,lastName,links,majorTeams,middleName,name,news,position,relations,shortName,style,styles,team,type,uid,weight	
200	http://core.espnuk.org/v2/sports/cricket/athletes/1247960	$ref,active,age,battingName,birthPlace,country,dateOfBirth,dateOfBirthStr,dateOfDeath,dateOfDeathStr,debutYear,debuts,displayName,fieldingName,firstName,flag,fullName,gender,guid,headshot,height,id,isActive,jersey,lastName,links,majorTeams,middleName,name,news,position,relations,shortName,style,styles,team,type,uid,weight	
200	http://core.espnuk.org/v2/sports/cricket/athletes/1247960/news	count,items,pageCount,pageIndex,pageSize	
200	http://core.espnuk.org/v2/sports/cricket/athletes/1247960/statistics	$ref,athlete,splits	
200	http://core.espnuk.org/v2/sports/cricket/leagues/1098952/athletes/1247960	$ref,active,age,battingName,birthPlace,country,dateOfBirth,dateOfBirthStr,dateOfDeath,dateOfDeathStr,debutYear,debuts,displayName,fieldingName,firstName,flag,fullName,gender,guid,headshot,height,id,isActive,jersey,lastName,links,majorTeams,middleName,name,news,position,relations,shortName,style,styles,team,type,uid,weight	
200	http://core.espnuk.org/v2/sports/cricket/athletes/1248189	$ref,active,age,battingName,birthPlace,country,dateOfBirth,dateOfBirthStr,dateOfDeath,dateOfDeathStr,debutYear,debuts,displayName,fieldingName,firstName,flag,fullName,gender,guid,headshot,height,id,isActive,jersey,lastName,links,majorTeams,middleName,name,news,position,relations,shortName,style,styles,team,type,uid,weight	
200	http://core.espnuk.org/v2/sports/cricket/athletes/1248189/news	count,items,pageCount,pageIndex,pageSize	
200	http://core.espnuk.org/v2/sports/cricket/athletes/1248189/statistics	$ref,athlete,splits	
200	http://core.espnuk.org/v2/sports/cricket/leagues/1098952/athletes/1248189	$ref,active,age,battingName,birthPlace,country,dateOfBirth,dateOfBirthStr,dateOfDeath,dateOfDeathStr,debutYear,debuts,displayName,fieldingName,firstName,flag,fullName,gender,guid,headshot,height,id,isActive,jersey,lastName,links,majorTeams,middleName,name,news,position,relations,shortName,style,styles,team,type,uid,weight	
200	http://core.espnuk.org/v2/sports/cricket/athletes/1248357	$ref,active,age,battingName,birthPlace,country,dateOfBirth,dateOfBirthStr,dateOfDeath,dateOfDeathStr,debutYear,debuts,displayName,fieldingName,firstName,flag,fullName,gender,guid,headshot,height,id,isActive,jersey,lastName,links,majorTeams,middleName,name,news,position,relations,shortName,style,styles,team,type,uid,weight	
200	http://core.espnuk.org/v2/sports/cricket/athletes/1248357/news	count,items,pageCount,pageIndex,pageSize	$ref
200	http://core.espnuk.org/v2/sports/cricket/athletes/1248357/statistics	$ref,athlete,splits	
200	http://core.espnuk.org/v2/sports/cricket/leagues/1098952/athletes/1248357	$ref,active,age,battingName,birthPlace,country,dateOfBirth,dateOfBirthStr,dateOfDeath,dateOfDeathStr,debutYear,debuts,displayName,fieldingName,firstName,flag,fullName,gender,guid,headshot,height,id,isActive,jersey,lastName,links,majorTeams,middleName,name,news,position,relations,shortName,style,styles,team,type,uid,weight	
200	http://core.espnuk.org/v2/sports/cricket/athletes/1290592	$ref,active,age,battingName,birthPlace,country,dateOfBirth,dateOfBirthStr,dateOfDeath,dateOfDeathStr,debutYear,debuts,displayName,fieldingName,firstName,flag,fullName,gender,guid,headshot,height,id,isActive,jersey,lastName,links,majorTeams,middleName,name,news,position,relations,shortName,style,styles,team,type,uid,weight	
200	http://core.espnuk.org/v2/sports/cricket/athletes/1290592/news	count,items,pageCount,pageIndex,pageSize	
200	http://core.espnuk.org/v2/sports/cricket/athletes/1290592/statistics	$ref,athlete,splits	
200	http://core.espnuk.org/v2/sports/cricket/leagues/1098952/athletes/1290592	$ref,active,age,battingName,birthPlace,country,dateOfBirth,dateOfBirthStr,dateOfDeath,dateOfDeathStr,debutYear,debuts,displayName,fieldingName,firstName,flag,fullName,gender,guid,headshot,height,id,isActive,jersey,lastName,links,majorTeams,middleName,name,news,position,relations,shortName,style,styles,team,type,uid,weight	
200	http://core.espnuk.org/v2/sports/cricket/athletes/1290593	$ref,active,age,battingName,birthPlace,country,dateOfBirth,dateOfBirthStr,dateOfDeath,dateOfDeathStr,debutYear,debuts,displayName,fieldingName,firstName,flag,fullName,gender,guid,headshot,height,id,isActive,jersey,lastName,links,majorTeams,middleName,name,news,position,relations,shortName,style,styles,team,type,uid,weight	
200	http://core.espnuk.org/v2/sports/cricket/athletes/1290593/news	count,items,pageCount,pageIndex,pageSize	
200	http://core.espnuk.org/v2/sports/cricket/athletes/1290593/statistics	$ref,athlete,splits	
200	http://core.espnuk.org/v2/sports/cricket/leagues/1098952/athletes/1290593	$ref,active,age,battingName,birthPlace,country,dateOfBirth,dateOfBirthStr,dateOfDeath,dateOfDeathStr,debutYear,debuts,displayName,fieldingName,firstName,flag,fullName,gender,guid,headshot,height,id,isActive,jersey,lastName,links,majorTeams,middleName,name,news,position,relations,shortName,style,styles,team,type,uid,weight	
200	http://core.espnuk.org/v2/sports/cricket/athletes/1290596	$ref,active,age,battingName,birthPlace,country,dateOfBirth,dateOfBirthStr,dateOfDeath,dateOfDeathStr,debutYear,debuts,displayName,fieldingName,firstName,flag,fullName,gender,guid,headshot,height,id,isActive,jersey,lastName,links,majorTeams,middleName,name,news,position,relations,shortName,style,styles,team,type,uid,weight	
200	http://core.espnuk.org/v2/sports/cricket/athletes/1290596/news	count,items,pageCount,pageIndex,pageSize	
200	http://core.espnuk.org/v2/sports/cricket/athletes/1290596/statistics	$ref,athlete,splits	
200	http://core.espnuk.org/v2/sports/cricket/leagues/1098952/athletes/1290596	$ref,active,age,battingName,birthPlace,country,dateOfBirth,dateOfBirthStr,dateOfDeath,dateOfDeathStr,debutYear,debuts,displayName,fieldingName,firstName,flag,fullName,gender,guid,headshot,height,id,isActive,jersey,lastName,links,majorTeams,middleName,name,news,position,relations,shortName,style,styles,team,type,uid,weight	
200	http://core.espnuk.org/v2/sports/cricket/athletes/1290622	$ref,active,age,battingName,birthPlace,country,dateOfBirth,dateOfBirthStr,dateOfDeath,dateOfDeathStr,debutYear,debuts,displayName,fieldingName,firstName,flag,fullName,gender,guid,headshot,height,id,isActive,jersey,lastName,links,majorTeams,middleName,name,news,position,relations,shortName,style,styles,team,type,uid,weight	
200	http://core.espnuk.org/v2/sports/cricket/athletes/1290622/news	count,items,pageCount,pageIndex,pageSize	
200	http://core.espnuk.org/v2/sports/cricket/athletes/1290622/statistics	$ref,athlete,splits	
200	http://core.espnuk.org/v2/sports/cricket/leagues/1098952/athletes/1290622	$ref,active,age,battingName,birthPlace,country,dateOfBirth,dateOfBirthStr,dateOfDeath,dateOfDeathStr,debutYear,debuts,displayName,fieldingName,firstName,flag,fullName,gender,guid,headshot,height,id,isActive,jersey,lastName,links,majorTeams,middleName,name,news,position,relations,shortName,style,styles,team,type,uid,weight	
200	http://core.espnuk.org/v2/sports/cricket/athletes/1296290	$ref,active,age,battingName,birthPlace,country,dateOfBirth,dateOfBirthStr,dateOfDeath,dateOfDeathStr,debutYear,debuts,displayName,fieldingName,firstName,flag,fullName,gender,guid,headshot,height,id,isActive,jersey,lastName,links,majorTeams,middleName,name,news,position,relations,shortName,style,styles,team,type,uid,weight	
200	http://core.espnuk.org/v2/sports/cricket/athletes/1296290/news	count,items,pageCount,pageIndex,pageSize	
200	http://core.espnuk.org/v2/sports/cricket/athletes/1296290/statistics	$ref,athlete,splits	
200	http://core.espnuk.org/v2/sports/cricket/leagues/1098952/athletes/1296290	$ref,active,age,battingName,birthPlace,country,dateOfBirth,dateOfBirthStr,dateOfDeath,dateOfDeathStr,debutYear,debuts,displayName,fieldingName,firstName,flag,fullName,gender,guid,headshot,height,id,isActive,jersey,lastName,links,majorTeams,middleName,name,news,position,relations,shortName,style,styles,team,type,uid,weight	
200	http://core.espnuk.org/v2/sports/cricket/athletes/1333341	$ref,active,age,battingName,birthPlace,country,dateOfBirth,dateOfBirthStr,dateOfDeath,dateOfDeathStr,debutYear,debuts,displayName,fieldingName,firstName,flag,fullName,gender,guid,headshot,height,id,isActive,jersey,lastName,links,majorTeams,middleName,name,news,position,relations,shortName,style,styles,team,type,uid,weight	
200	http://core.espnuk.org/v2/sports/cricket/athletes/1333341/news	count,items,pageCount,pageIndex,pageSize	
200	http://core.espnuk.org/v2/sports/cricket/athletes/1333341/statistics	$ref,athlete,splits	
200	http://core.espnuk.org/v2/sports/cricket/leagues/1098952/athletes/1333341	$ref,active,age,battingName,birthPlace,country,dateOfBirth,dateOfBirthStr,dateOfDeath,dateOfDeathStr,debutYear,debuts,displayName,fieldingName,firstName,flag,fullName,gender,guid,headshot,height,id,isActive,jersey,lastName,links,majorTeams,middleName,name,news,position,relations,shortName,style,styles,team,type,uid,weight	
200	http://core.espnuk.org/v2/sports/cricket/athletes/1346091	$ref,active,age,battingName,birthPlace,country,dateOfBirth,dateOfBirthStr,dateOfDeath,dateOfDeathStr,debutYear,debuts,displayName,fieldingName,firstName,flag,fullName,gender,guid,headshot,height,id,isActive,jersey,lastName,links,majorTeams,middleName,name,news,position,relations,shortName,style,styles,team,type,uid,weight	
200	http://core.espnuk.org/v2/sports/cricket/athletes/1346091/news	count,items,pageCount,pageIndex,pageSize	
200	http://core.espnuk.org/v2/sports/cricket/athletes/1346091/statistics	$ref,athlete,splits	
200	http://core.espnuk.org/v2/sports/cricket/leagues/1098952/athletes/1346091	$ref,active,age,battingName,birthPlace,country,dateOfBirth,dateOfBirthStr,dateOfDeath,dateOfDeathStr,debutYear,debuts,displayName,fieldingName,firstName,flag,fullName,gender,guid,headshot,height,id,isActive,jersey,lastName,links,majorTeams,middleName,name,news,position,relations,shortName,style,styles,team,type,uid,weight	
200	http://core.espnuk.org/v2/sports/cricket/athletes/1346116	$ref,active,age,battingName,birthPlace,country,dateOfBirth,dateOfBirthStr,dateOfDeath,dateOfDeathStr,debutYear,debuts,displayName,fieldingName,firstName,flag,fullName,gender,guid,headshot,height,id,isActive,jersey,lastName,links,majorTeams,middleName,name,news,position,relations,shortName,style,styles,team,type,uid,weight	
200	http://core.espnuk.org/v2/sports/cricket/athletes/1346116/news	count,items,pageCount,pageIndex,pageSize	
200	http://core.espnuk.org/v2/sports/cricket/athletes/1346116/statistics	$ref,athlete,splits	
200	http://core.espnuk.org/v2/sports/cricket/leagues/1098952/athletes/1346116	$ref,active,age,battingName,birthPlace,country,dateOfBirth,dateOfBirthStr,dateOfDeath,dateOfDeathStr,debutYear,debuts,displayName,fieldingName,firstName,flag,fullName,gender,guid,headshot,height,id,isActive,jersey,lastName,links,majorTeams,middleName,name,news,position,relations,shortName,style,styles,team,type,uid,weight	
200	http://core.espnuk.org/v2/sports/cricket/athletes/1346123	$ref,active,age,battingName,birthPlace,country,dateOfBirth,dateOfBirthStr,dateOfDeath,dateOfDeathStr,debutYear,debuts,displayName,fieldingName,firstName,flag,fullName,gender,guid,headshot,height,id,isActive,jersey,lastName,links,majorTeams,middleName,name,news,position,relations,shortName,style,styles,team,type,uid,weight	
200	http://core.espnuk.org/v2/sports/cricket/athletes/1346123/news	count,items,pageCount,pageIndex,pageSize	
200	http://core.espnuk.org/v2/sports/cricket/athletes/1346123/statistics	$ref,athlete,splits	
200	http://core.espnuk.org/v2/sports/cricket/leagues/1098952/athletes/1346123	$ref,active,age,battingName,birthPlace,country,dateOfBirth,dateOfBirthStr,dateOfDeath,dateOfDeathStr,debutYear,debuts,displayName,fieldingName,firstName,flag,fullName,gender,guid,headshot,height,id,isActive,jersey,lastName,links,majorTeams,middleName,name,news,position,relations,shortName,style,styles,team,type,uid,weight	
200	http://core.espnuk.org/v2/sports/cricket/athletes/1346254	$ref,active,age,battingName,birthPlace,country,dateOfBirth,dateOfBirthStr,dateOfDeath,dateOfDeathStr,debutYear,debuts,displayName,fieldingName,firstName,flag,fullName,gender,guid,headshot,height,id,isActive,jersey,lastName,links,majorTeams,middleName,name,news,position,relations,shortName,style,styles,team,type,uid,weight	
200	http://core.espnuk.org/v2/sports/cricket/athletes/1346254/news	count,items,pageCount,pageIndex,pageSize	
200	http://core.espnuk.org/v2/sports/cricket/athletes/1346254/statistics	$ref,athlete,splits	
200	http://core.espnuk.org/v2/sports/cricket/leagues/1098952/athletes/1346254	$ref,active,age,battingName,birthPlace,country,dateOfBirth,dateOfBirthStr,dateOfDeath,dateOfDeathStr,debutYear,debuts,displayName,fieldingName,firstName,flag,fullName,gender,guid,headshot,height,id,isActive,jersey,lastName,links,majorTeams,middleName,name,news,position,relations,shortName,style,styles,team,type,uid,weight	
200	http://core.espnuk.org/v2/sports/cricket/athletes/1361257	$ref,active,age,battingName,birthPlace,country,dateOfBirth,dateOfBirthStr,dateOfDeath,dateOfDeathStr,debutYear,debuts,displayName,fieldingName,firstName,flag,fullName,gender,guid,headshot,height,id,isActive,jersey,lastName,links,majorTeams,middleName,name,news,position,relations,shortName,style,styles,team,type,uid,weight	
200	http://core.espnuk.org/v2/sports/cricket/athletes/1361257/news	count,items,pageCount,pageIndex,pageSize	
200	http://core.espnuk.org/v2/sports/cricket/athletes/1361257/statistics	$ref,athlete,splits	
503	http://core.espnuk.org/v2/sports/cricket/leagues/1098952/athletes/1361257	<non-json>	
200	http://core.espnuk.org/v2/sports/cricket/athletes/1361461	$ref,active,age,battingName,birthPlace,country,dateOfBirth,dateOfBirthStr,dateOfDeath,dateOfDeathStr,debutYear,debuts,displayName,fieldingName,firstName,flag,fullName,gender,guid,headshot,height,id,isActive,jersey,lastName,links,majorTeams,middleName,name,news,position,relations,shortName,style,styles,team,type,uid,weight	
200	http://core.espnuk.org/v2/sports/cricket/athletes/1361461/news	count,items,pageCount,pageIndex,pageSize	
200	http://core.espnuk.org/v2/sports/cricket/athletes/1361461/statistics	$ref,athlete,splits	
200	http://core.espnuk.org/v2/sports/cricket/leagues/1098952/athletes/1361461	$ref,active,age,battingName,birthPlace,country,dateOfBirth,dateOfBirthStr,dateOfDeath,dateOfDeathStr,debutYear,debuts,displayName,fieldingName,firstName,flag,fullName,gender,guid,headshot,height,id,isActive,jersey,lastName,links,majorTeams,middleName,name,news,position,relations,shortName,style,styles,team,type,uid,weight	
200	http://core.espnuk.org/v2/sports/cricket/leagues/1098952/events/1475396/competitions/1475396/competitors/1147772/roster/1090570/statistics/0	$ref,athlete,competition,splits	
200	http://core.espnuk.org/v2/sports/cricket/leagues/1098952/events/1475396/competitions/1475396/competitors/1147772/roster/1098914/statistics/0	$ref,athlete,competition,splits	
200	http://core.espnuk.org/v2/sports/cricket/leagues/1098952/events/1475396/competitions/1475396/competitors/1147772/roster/1098916/statistics/0	$ref,athlete,competition,splits	
200	http://core.espnuk.org/v2/sports/cricket/leagues/1098952/events/1475396/competitions/1475396/competitors/1147772/roster/1129974/statistics/0	<non-json>	
200	http://core.espnuk.org/v2/sports/cricket/leagues/1098952/events/1475396/competitions/1475396/competitors/1147772/roster/1147973/statistics/0	$ref,athlete,competition,splits	
200	http://core.espnuk.org/v2/sports/cricket/leagues/1098952/events/1475396/competitions/1475396/competitors/1147772/roster/1211612/statistics/0	$ref,athlete,competition,splits	
200	http://core.espnuk.org/v2/sports/cricket/leagues/1098952/events/1475396/competitions/1475396/competitors/1147772/roster/1212143/statistics/0	$ref,athlete,competition,splits	
200	http://core.espnuk.org/v2/sports/cricket/leagues/1098952/events/1475396/competitions/1475396/competitors/1147772/roster/1296290/statistics/0	$ref,athlete,competition,splits	
200	http://core.espnuk.org/v2/sports/cricket/leagues/1098952/events/1475396/competitions/1475396/competitors/1147772/roster/1346116/statistics/0	$ref,athlete,competition,splits	
503	http://core.espnuk.org/v2/sports/cricket/leagues/1098952/events/1475396/competitions/1475396/competitors/1147772/roster/1346123/statistics/0	$ref,athlete,competition,splits	
200	http://core.espnuk.org/v2/sports/cricket/leagues/1098952/events/1475396/competitions/1475396/competitors/1147772/roster/1476313/statistics/0	$ref,athlete,competition,splits	
200	http://core.espnuk.org/v2/sports/cricket/leagues/1098952/events/1475396/competitions/1475396/competitors/1247348/roster/1211616/statistics/0	$ref,athlete,competition,splits	
200	http://core.espnuk.org/v2/sports/cricket/leagues/1098952/events/1475396/competitions/1475396/competitors/1247348/roster/1248357/statistics/0	$ref,athlete,competition,splits	
200	http://core.espnuk.org/v2/sports/cricket/leagues/1098952/events/1475396/competitions/1475396/competitors/1247348/roster/1290592/statistics/0	$ref,athlete,competition,splits	
200	http://core.espnuk.org/v2/sports/cricket/leagues/1098952/events/1475396/competitions/1475396/competitors/1247348/roster/1290593/statistics/0	$ref,athlete,competition,splits	
200	http://core.espnuk.org/v2/sports/cricket/leagues/1098952/events/1475396/competitions/1475396/competitors/1247348/roster/1333341/statistics/0	$ref,athlete,competition,splits	
200	http://core.espnuk.org/v2/sports/cricket/leagues/1098952/events/1475396/competitions/1475396/competitors/1247348/roster/1346254/statistics/0	$ref,athlete,competition,splits	
200	http://core.espnuk.org/v2/sports/cricket/leagues/1098952/events/1475396/competitions/1475396/competitors/1247348/roster/1409923/statistics/0	$ref,athlete,competition,splits	
200	http://core.espnuk.org/v2/sports/cricket/leagues/1098952/events/1475396/competitions/1475396/competitors/1247348/roster/1462992/statistics/0	$ref,athlete,competition,splits	
200	http://core.espnuk.org/v2/sports/cricket/leagues/1098952/events/1527944/competitions/1527944/competitors/1147772/roster/1098914/statistics/0	$ref,athlete,competition,splits	
200	http://core.espnuk.org/v2/sports/cricket/leagues/1098952/events/1527944/competitions/1527944/competitors/1147772/roster/1098916/statistics/0	$ref,athlete,competition,splits	
200	http://core.espnuk.org/v2/sports/cricket/leagues/1098952/events/1527944/competitions/1527944/competitors/1147772/roster/1129974/statistics/0	$ref,athlete,competition,splits	
200	http://core.espnuk.org/v2/sports/cricket/leagues/1098952/events/1527944/competitions/1527944/competitors/1147772/roster/1147921/statistics/0	$ref,athlete,competition,splits	
200	http://core.espnuk.org/v2/sports/cricket/leagues/1098952/events/1527944/competitions/1527944/competitors/1147772/roster/1211612/statistics/0	$ref,athlete,competition,splits	
200	http://core.espnuk.org/v2/sports/cricket/leagues/1098952/events/1527944/competitions/1527944/competitors/1147772/roster/1247960/statistics/0	$ref,athlete,competition,splits	
200	http://core.espnuk.org/v2/sports/cricket/leagues/1098952/events/1527944/competitions/1527944/competitors/1147772/roster/1296290/statistics/0	$ref,athlete,competition,splits	
200	http://core.espnuk.org/v2/sports/cricket/leagues/1098952/events/1527944/competitions/1527944/competitors/1147772/roster/1346123/statistics/0	$ref,athlete,competition,splits	
200	http://core.espnuk.org/v2/sports/cricket/leagues/1098952/events/1527944/competitions/1527944/competitors/1147772/roster/1456900/statistics/0	$ref,athlete,competition,splits	
200	http://core.espnuk.org/v2/sports/cricket/leagues/1098952/events/1527944/competitions/1527944/competitors/1147772/roster/1528444/statistics/0	$ref,athlete,competition,splits	
200	http://core.espnuk.org/v2/sports/cricket/leagues/1098952/events/1527944/competitions/1527944/competitors/1147772/roster/1528895/statistics/0	$ref,athlete,competition,splits	
200	http://core.espnuk.org/v2/sports/cricket/leagues/1098952/events/1527944/competitions/1527944/competitors/1147778/roster/1090621/statistics/0	$ref,athlete,competition,splits	
